trial_id,user_id,started_at,ends_at,outcome,outcome_at
1,27046,2026-08-01 00:46:26,2026-08-15 00:46:26,canceled,2026-08-10 00:46:26
2,27052,2026-08-01 02:30:18,2026-08-15 02:30:18,canceled,2026-08-14 02:30:18
3,27053,2026-08-01 16:31:48,2026-08-15 16:31:48,converted,2026-08-15 16:31:48
4,27054,2026-08-01 05:37:23,2026-08-15 05:37:23,canceled,2026-08-06 05:37:23
5,27055,2026-08-01 00:34:47,2026-08-15 00:34:47,canceled,2026-08-09 00:34:47
6,27057,2026-08-01 05:08:37,2026-08-15 05:08:37,canceled,2026-08-07 05:08:37
7,27061,2026-08-01 07:09:57,2026-08-15 07:09:57,converted,2026-08-15 07:09:57
8,27062,2026-08-01 20:28:47,2026-08-15 20:28:47,converted,2026-08-15 20:28:47
9,27063,2026-08-01 08:11:21,2026-08-15 08:11:21,converted,2026-08-15 08:11:21
10,27064,2026-08-01 05:57:41,2026-08-15 05:57:41,canceled,2026-08-09 05:57:41
11,27065,2026-08-01 07:25:21,2026-08-15 07:25:21,canceled,2026-08-07 07:25:21
12,27066,2026-08-01 18:21:12,2026-08-15 18:21:12,converted,2026-08-15 18:21:12
13,27067,2026-08-01 13:56:07,2026-08-15 13:56:07,converted,2026-08-15 13:56:07
14,27068,2026-08-01 01:23:26,2026-08-15 01:23:26,canceled,2026-08-08 01:23:26
15,27069,2026-08-01 23:31:17,2026-08-15 23:31:17,canceled,2026-08-08 23:31:17
16,27072,2026-08-01 19:07:47,2026-08-15 19:07:47,converted,2026-08-15 19:07:47
17,27074,2026-08-01 19:16:39,2026-08-15 19:16:39,converted,2026-08-15 19:16:39
18,27075,2026-08-01 01:54:31,2026-08-15 01:54:31,canceled,2026-08-09 01:54:31
19,27076,2026-08-01 21:53:34,2026-08-15 21:53:34,canceled,2026-08-14 21:53:34
20,27078,2026-08-01 07:17:32,2026-08-15 07:17:32,converted,2026-08-15 07:17:32
21,27079,2026-08-01 13:53:16,2026-08-15 13:53:16,canceled,2026-08-10 13:53:16
22,27080,2026-08-01 05:48:05,2026-08-15 05:48:05,converted,2026-08-15 05:48:05
23,27081,2026-08-01 08:37:07,2026-08-15 08:37:07,converted,2026-08-15 08:37:07
24,27082,2026-08-01 23:20:46,2026-08-15 23:20:46,converted,2026-08-15 23:20:46
25,27086,2026-08-01 18:38:28,2026-08-15 18:38:28,converted,2026-08-15 18:38:28
26,27087,2026-08-01 08:13:02,2026-08-15 08:13:02,canceled,2026-08-10 08:13:02
27,27090,2026-08-01 23:15:43,2026-08-15 23:15:43,converted,2026-08-15 23:15:43
28,27093,2026-08-01 06:29:17,2026-08-15 06:29:17,canceled,2026-08-13 06:29:17
29,27094,2026-08-01 22:36:08,2026-08-15 22:36:08,converted,2026-08-15 22:36:08
30,27097,2026-08-01 09:05:47,2026-08-15 09:05:47,converted,2026-08-15 09:05:47
31,27098,2026-08-01 17:24:04,2026-08-15 17:24:04,converted,2026-08-15 17:24:04
32,27099,2026-08-01 15:46:03,2026-08-15 15:46:03,converted,2026-08-15 15:46:03
33,27101,2026-08-01 20:06:36,2026-08-15 20:06:36,canceled,2026-08-13 20:06:36
34,27102,2026-08-01 20:58:41,2026-08-15 20:58:41,canceled,2026-08-09 20:58:41
35,27103,2026-08-01 15:32:50,2026-08-15 15:32:50,converted,2026-08-15 15:32:50
36,27104,2026-08-01 20:12:34,2026-08-15 20:12:34,converted,2026-08-15 20:12:34
37,27105,2026-08-01 04:34:11,2026-08-15 04:34:11,canceled,2026-08-08 04:34:11
38,27109,2026-08-01 02:19:57,2026-08-15 02:19:57,converted,2026-08-15 02:19:57
39,27110,2026-08-01 14:43:20,2026-08-15 14:43:20,converted,2026-08-15 14:43:20
40,27111,2026-08-01 02:46:21,2026-08-15 02:46:21,converted,2026-08-15 02:46:21
41,27113,2026-08-01 16:02:42,2026-08-15 16:02:42,canceled,2026-08-09 16:02:42
42,27114,2026-08-01 14:04:01,2026-08-15 14:04:01,converted,2026-08-15 14:04:01
43,27117,2026-08-01 00:29:17,2026-08-15 00:29:17,converted,2026-08-15 00:29:17
44,27119,2026-08-02 21:05:26,2026-08-16 21:05:26,canceled,2026-08-09 21:05:26
45,27121,2026-08-02 19:13:25,2026-08-16 19:13:25,converted,2026-08-16 19:13:25
46,27122,2026-08-02 23:43:40,2026-08-16 23:43:40,canceled,2026-08-09 23:43:40
47,27125,2026-08-02 05:17:25,2026-08-16 05:17:25,canceled,2026-08-14 05:17:25
48,27126,2026-08-02 12:54:04,2026-08-16 12:54:04,converted,2026-08-16 12:54:04
49,27127,2026-08-02 14:40:36,2026-08-16 14:40:36,canceled,2026-08-10 14:40:36
50,27130,2026-08-02 15:49:36,2026-08-16 15:49:36,canceled,2026-08-09 15:49:36
51,27133,2026-08-02 19:01:53,2026-08-16 19:01:53,canceled,2026-08-08 19:01:53
52,27134,2026-08-02 14:41:10,2026-08-16 14:41:10,converted,2026-08-16 14:41:10
53,27137,2026-08-02 07:10:43,2026-08-16 07:10:43,converted,2026-08-16 07:10:43
54,27138,2026-08-02 21:37:02,2026-08-16 21:37:02,converted,2026-08-16 21:37:02
55,27144,2026-08-02 02:34:36,2026-08-16 02:34:36,canceled,2026-08-10 02:34:36
56,27145,2026-08-02 11:38:41,2026-08-16 11:38:41,canceled,2026-08-14 11:38:41
57,27147,2026-08-02 19:21:23,2026-08-16 19:21:23,canceled,2026-08-07 19:21:23
58,27148,2026-08-02 10:15:59,2026-08-16 10:15:59,canceled,2026-08-08 10:15:59
59,27149,2026-08-02 07:08:15,2026-08-16 07:08:15,converted,2026-08-16 07:08:15
60,27151,2026-08-02 09:16:10,2026-08-16 09:16:10,converted,2026-08-16 09:16:10
61,27152,2026-08-02 14:34:18,2026-08-16 14:34:18,converted,2026-08-16 14:34:18
62,27153,2026-08-02 04:27:07,2026-08-16 04:27:07,converted,2026-08-16 04:27:07
63,27154,2026-08-02 22:48:15,2026-08-16 22:48:15,converted,2026-08-16 22:48:15
64,27155,2026-08-02 13:28:30,2026-08-16 13:28:30,canceled,2026-08-14 13:28:30
65,27157,2026-08-02 06:56:34,2026-08-16 06:56:34,converted,2026-08-16 06:56:34
66,27162,2026-08-02 13:49:02,2026-08-16 13:49:02,converted,2026-08-16 13:49:02
67,27165,2026-08-02 05:25:15,2026-08-16 05:25:15,converted,2026-08-16 05:25:15
68,27166,2026-08-02 19:36:48,2026-08-16 19:36:48,converted,2026-08-16 19:36:48
69,27167,2026-08-02 06:38:55,2026-08-16 06:38:55,converted,2026-08-16 06:38:55
70,27168,2026-08-02 10:23:40,2026-08-16 10:23:40,converted,2026-08-16 10:23:40
71,27171,2026-08-02 15:03:23,2026-08-16 15:03:23,converted,2026-08-16 15:03:23
72,27174,2026-08-02 03:48:22,2026-08-16 03:48:22,converted,2026-08-16 03:48:22
73,27175,2026-08-02 22:05:47,2026-08-16 22:05:47,converted,2026-08-16 22:05:47
74,27176,2026-08-02 04:46:13,2026-08-16 04:46:13,canceled,2026-08-15 04:46:13
75,27177,2026-08-02 02:54:18,2026-08-16 02:54:18,canceled,2026-08-09 02:54:18
76,27179,2026-08-02 21:43:20,2026-08-16 21:43:20,converted,2026-08-16 21:43:20
77,27180,2026-08-02 04:48:08,2026-08-16 04:48:08,converted,2026-08-16 04:48:08
78,27183,2026-08-02 07:27:47,2026-08-16 07:27:47,converted,2026-08-16 07:27:47
79,27186,2026-08-02 08:19:26,2026-08-16 08:19:26,canceled,2026-08-10 08:19:26
80,27189,2026-08-02 02:02:59,2026-08-16 02:02:59,converted,2026-08-16 02:02:59
81,27190,2026-08-02 16:47:49,2026-08-16 16:47:49,converted,2026-08-16 16:47:49
82,27192,2026-08-02 07:01:50,2026-08-16 07:01:50,converted,2026-08-16 07:01:50
83,27193,2026-08-02 03:43:37,2026-08-16 03:43:37,canceled,2026-08-15 03:43:37
84,27195,2026-08-02 22:35:45,2026-08-16 22:35:45,converted,2026-08-16 22:35:45
85,27197,2026-08-02 18:19:08,2026-08-16 18:19:08,converted,2026-08-16 18:19:08
86,27199,2026-08-02 20:59:07,2026-08-16 20:59:07,converted,2026-08-16 20:59:07
87,27204,2026-08-02 07:39:06,2026-08-16 07:39:06,canceled,2026-08-06 07:39:06
88,27206,2026-08-02 02:04:17,2026-08-16 02:04:17,canceled,2026-08-10 02:04:17
89,27209,2026-08-03 06:32:27,2026-08-17 06:32:27,canceled,2026-08-10 06:32:27
90,27210,2026-08-03 01:50:17,2026-08-17 01:50:17,converted,2026-08-17 01:50:17
91,27211,2026-08-03 22:24:54,2026-08-17 22:24:54,converted,2026-08-17 22:24:54
92,27212,2026-08-03 22:33:18,2026-08-17 22:33:18,canceled,2026-08-12 22:33:18
93,27213,2026-08-03 11:09:29,2026-08-17 11:09:29,canceled,2026-08-14 11:09:29
94,27217,2026-08-03 01:16:46,2026-08-17 01:16:46,converted,2026-08-17 01:16:46
95,27218,2026-08-03 16:48:11,2026-08-17 16:48:11,canceled,2026-08-13 16:48:11
96,27220,2026-08-03 16:15:38,2026-08-17 16:15:38,canceled,2026-08-13 16:15:38
97,27221,2026-08-03 22:04:11,2026-08-17 22:04:11,converted,2026-08-17 22:04:11
98,27222,2026-08-03 02:41:35,2026-08-17 02:41:35,converted,2026-08-17 02:41:35
99,27224,2026-08-03 02:30:22,2026-08-17 02:30:22,canceled,2026-08-11 02:30:22
100,27226,2026-08-03 13:54:34,2026-08-17 13:54:34,canceled,2026-08-14 13:54:34
101,27227,2026-08-03 07:34:33,2026-08-17 07:34:33,canceled,2026-08-07 07:34:33
102,27229,2026-08-03 13:08:06,2026-08-17 13:08:06,canceled,2026-08-10 13:08:06
103,27231,2026-08-03 14:10:31,2026-08-17 14:10:31,canceled,2026-08-15 14:10:31
104,27232,2026-08-03 09:57:05,2026-08-17 09:57:05,converted,2026-08-17 09:57:05
105,27233,2026-08-03 10:56:17,2026-08-17 10:56:17,converted,2026-08-17 10:56:17
106,27234,2026-08-03 16:08:46,2026-08-17 16:08:46,canceled,2026-08-12 16:08:46
107,27236,2026-08-03 08:04:52,2026-08-17 08:04:52,converted,2026-08-17 08:04:52
108,27240,2026-08-03 13:28:58,2026-08-17 13:28:58,converted,2026-08-17 13:28:58
109,27241,2026-08-03 05:13:14,2026-08-17 05:13:14,canceled,2026-08-13 05:13:14
110,27242,2026-08-03 03:31:21,2026-08-17 03:31:21,canceled,2026-08-14 03:31:21
111,27243,2026-08-03 03:32:55,2026-08-17 03:32:55,converted,2026-08-17 03:32:55
112,27245,2026-08-03 15:57:29,2026-08-17 15:57:29,canceled,2026-08-10 15:57:29
113,27246,2026-08-03 08:48:42,2026-08-17 08:48:42,canceled,2026-08-10 08:48:42
114,27247,2026-08-03 07:06:23,2026-08-17 07:06:23,converted,2026-08-17 07:06:23
115,27248,2026-08-03 13:04:13,2026-08-17 13:04:13,converted,2026-08-17 13:04:13
116,27251,2026-08-03 06:33:58,2026-08-17 06:33:58,converted,2026-08-17 06:33:58
117,27255,2026-08-03 16:13:44,2026-08-17 16:13:44,converted,2026-08-17 16:13:44
118,27257,2026-08-03 12:30:16,2026-08-17 12:30:16,canceled,2026-08-09 12:30:16
119,27258,2026-08-03 05:38:39,2026-08-17 05:38:39,canceled,2026-08-13 05:38:39
120,27262,2026-08-03 14:03:59,2026-08-17 14:03:59,canceled,2026-08-11 14:03:59
121,27264,2026-08-03 10:31:21,2026-08-17 10:31:21,canceled,2026-08-08 10:31:21
122,27265,2026-08-03 07:29:57,2026-08-17 07:29:57,converted,2026-08-17 07:29:57
123,27266,2026-08-03 14:27:03,2026-08-17 14:27:03,converted,2026-08-17 14:27:03
124,27274,2026-08-03 15:43:49,2026-08-17 15:43:49,converted,2026-08-17 15:43:49
125,27278,2026-08-03 12:09:12,2026-08-17 12:09:12,converted,2026-08-17 12:09:12
126,27280,2026-08-03 08:00:16,2026-08-17 08:00:16,converted,2026-08-17 08:00:16
127,27282,2026-08-03 16:27:19,2026-08-17 16:27:19,canceled,2026-08-15 16:27:19
128,27283,2026-08-03 02:42:21,2026-08-17 02:42:21,converted,2026-08-17 02:42:21
129,27284,2026-08-03 17:38:31,2026-08-17 17:38:31,converted,2026-08-17 17:38:31
130,27285,2026-08-03 06:34:19,2026-08-17 06:34:19,canceled,2026-08-07 06:34:19
131,27290,2026-08-04 10:24:36,2026-08-18 10:24:36,converted,2026-08-18 10:24:36
132,27295,2026-08-04 20:12:00,2026-08-18 20:12:00,canceled,2026-08-17 20:12:00
133,27296,2026-08-04 17:18:23,2026-08-18 17:18:23,converted,2026-08-18 17:18:23
134,27297,2026-08-04 07:57:05,2026-08-18 07:57:05,canceled,2026-08-09 07:57:05
135,27299,2026-08-04 10:25:39,2026-08-18 10:25:39,canceled,2026-08-09 10:25:39
136,27300,2026-08-04 22:03:40,2026-08-18 22:03:40,canceled,2026-08-09 22:03:40
137,27301,2026-08-04 02:08:05,2026-08-18 02:08:05,converted,2026-08-18 02:08:05
138,27302,2026-08-04 14:27:04,2026-08-18 14:27:04,canceled,2026-08-08 14:27:04
139,27303,2026-08-04 21:28:25,2026-08-18 21:28:25,canceled,2026-08-11 21:28:25
140,27306,2026-08-04 01:36:28,2026-08-18 01:36:28,converted,2026-08-18 01:36:28
141,27307,2026-08-04 04:26:03,2026-08-18 04:26:03,converted,2026-08-18 04:26:03
142,27308,2026-08-04 07:33:37,2026-08-18 07:33:37,canceled,2026-08-11 07:33:37
143,27309,2026-08-04 16:31:50,2026-08-18 16:31:50,converted,2026-08-18 16:31:50
144,27310,2026-08-04 17:51:45,2026-08-18 17:51:45,canceled,2026-08-13 17:51:45
145,27312,2026-08-04 12:03:37,2026-08-18 12:03:37,canceled,2026-08-09 12:03:37
146,27318,2026-08-04 15:33:27,2026-08-18 15:33:27,canceled,2026-08-11 15:33:27
147,27321,2026-08-04 09:36:42,2026-08-18 09:36:42,canceled,2026-08-09 09:36:42
148,27324,2026-08-04 16:29:49,2026-08-18 16:29:49,canceled,2026-08-14 16:29:49
149,27327,2026-08-04 14:59:34,2026-08-18 14:59:34,converted,2026-08-18 14:59:34
150,27328,2026-08-04 21:07:39,2026-08-18 21:07:39,converted,2026-08-18 21:07:39
151,27331,2026-08-04 15:15:29,2026-08-18 15:15:29,converted,2026-08-18 15:15:29
152,27332,2026-08-04 17:41:30,2026-08-18 17:41:30,canceled,2026-08-13 17:41:30
153,27333,2026-08-04 19:07:13,2026-08-18 19:07:13,canceled,2026-08-12 19:07:13
154,27334,2026-08-04 05:45:43,2026-08-18 05:45:43,canceled,2026-08-11 05:45:43
155,27339,2026-08-04 21:12:00,2026-08-18 21:12:00,canceled,2026-08-14 21:12:00
156,27343,2026-08-04 10:28:14,2026-08-18 10:28:14,canceled,2026-08-11 10:28:14
157,27346,2026-08-04 09:25:39,2026-08-18 09:25:39,converted,2026-08-18 09:25:39
158,27347,2026-08-04 13:53:43,2026-08-18 13:53:43,converted,2026-08-18 13:53:43
159,27351,2026-08-04 02:30:59,2026-08-18 02:30:59,converted,2026-08-18 02:30:59
160,27352,2026-08-04 20:55:32,2026-08-18 20:55:32,converted,2026-08-18 20:55:32
161,27355,2026-08-04 07:10:04,2026-08-18 07:10:04,canceled,2026-08-08 07:10:04
162,27359,2026-08-04 22:43:43,2026-08-18 22:43:43,converted,2026-08-18 22:43:43
163,27361,2026-08-04 22:05:54,2026-08-18 22:05:54,canceled,2026-08-08 22:05:54
164,27362,2026-08-04 08:13:39,2026-08-18 08:13:39,converted,2026-08-18 08:13:39
165,27365,2026-08-05 03:48:33,2026-08-19 03:48:33,canceled,2026-08-16 03:48:33
166,27366,2026-08-05 19:47:09,2026-08-19 19:47:09,canceled,2026-08-16 19:47:09
167,27368,2026-08-05 05:57:27,2026-08-19 05:57:27,canceled,2026-08-10 05:57:27
168,27369,2026-08-05 19:03:45,2026-08-19 19:03:45,converted,2026-08-19 19:03:45
169,27370,2026-08-05 20:55:16,2026-08-19 20:55:16,canceled,2026-08-15 20:55:16
170,27371,2026-08-05 19:25:56,2026-08-19 19:25:56,converted,2026-08-19 19:25:56
171,27373,2026-08-05 11:53:28,2026-08-19 11:53:28,canceled,2026-08-18 11:53:28
172,27374,2026-08-05 02:01:27,2026-08-19 02:01:27,converted,2026-08-19 02:01:27
173,27378,2026-08-05 01:55:09,2026-08-19 01:55:09,converted,2026-08-19 01:55:09
174,27379,2026-08-05 02:22:43,2026-08-19 02:22:43,canceled,2026-08-12 02:22:43
175,27380,2026-08-05 02:03:20,2026-08-19 02:03:20,converted,2026-08-19 02:03:20
176,27381,2026-08-05 18:13:17,2026-08-19 18:13:17,canceled,2026-08-12 18:13:17
177,27385,2026-08-05 03:48:20,2026-08-19 03:48:20,canceled,2026-08-11 03:48:20
178,27387,2026-08-05 16:39:15,2026-08-19 16:39:15,converted,2026-08-19 16:39:15
179,27388,2026-08-05 10:09:39,2026-08-19 10:09:39,canceled,2026-08-14 10:09:39
180,27389,2026-08-05 21:27:55,2026-08-19 21:27:55,canceled,2026-08-17 21:27:55
181,27391,2026-08-05 12:22:26,2026-08-19 12:22:26,canceled,2026-08-16 12:22:26
182,27392,2026-08-05 07:41:09,2026-08-19 07:41:09,converted,2026-08-19 07:41:09
183,27393,2026-08-05 10:55:17,2026-08-19 10:55:17,converted,2026-08-19 10:55:17
184,27396,2026-08-05 13:13:42,2026-08-19 13:13:42,converted,2026-08-19 13:13:42
185,27399,2026-08-05 05:50:51,2026-08-19 05:50:51,canceled,2026-08-13 05:50:51
186,27404,2026-08-05 02:49:55,2026-08-19 02:49:55,converted,2026-08-19 02:49:55
187,27408,2026-08-05 09:24:07,2026-08-19 09:24:07,converted,2026-08-19 09:24:07
188,27409,2026-08-05 05:59:14,2026-08-19 05:59:14,canceled,2026-08-18 05:59:14
189,27411,2026-08-05 22:43:23,2026-08-19 22:43:23,converted,2026-08-19 22:43:23
190,27412,2026-08-05 17:48:27,2026-08-19 17:48:27,converted,2026-08-19 17:48:27
191,27413,2026-08-05 21:03:32,2026-08-19 21:03:32,converted,2026-08-19 21:03:32
192,27414,2026-08-05 01:11:09,2026-08-19 01:11:09,canceled,2026-08-11 01:11:09
193,27415,2026-08-05 15:28:09,2026-08-19 15:28:09,canceled,2026-08-13 15:28:09
194,27416,2026-08-05 00:30:01,2026-08-19 00:30:01,converted,2026-08-19 00:30:01
195,27417,2026-08-05 18:38:49,2026-08-19 18:38:49,converted,2026-08-19 18:38:49
196,27418,2026-08-05 07:16:14,2026-08-19 07:16:14,converted,2026-08-19 07:16:14
197,27423,2026-08-05 07:12:22,2026-08-19 07:12:22,converted,2026-08-19 07:12:22
198,27424,2026-08-05 18:19:46,2026-08-19 18:19:46,converted,2026-08-19 18:19:46
199,27430,2026-08-05 09:06:16,2026-08-19 09:06:16,canceled,2026-08-18 09:06:16
200,27431,2026-08-05 18:51:43,2026-08-19 18:51:43,converted,2026-08-19 18:51:43
201,27432,2026-08-05 22:31:26,2026-08-19 22:31:26,canceled,2026-08-14 22:31:26
202,27434,2026-08-05 05:05:57,2026-08-19 05:05:57,converted,2026-08-19 05:05:57
203,27435,2026-08-05 06:33:09,2026-08-19 06:33:09,canceled,2026-08-14 06:33:09
204,27436,2026-08-05 20:01:12,2026-08-19 20:01:12,converted,2026-08-19 20:01:12
205,27437,2026-08-05 02:45:44,2026-08-19 02:45:44,canceled,2026-08-11 02:45:44
206,27438,2026-08-05 00:24:58,2026-08-19 00:24:58,converted,2026-08-19 00:24:58
207,27439,2026-08-05 04:06:21,2026-08-19 04:06:21,converted,2026-08-19 04:06:21
208,27446,2026-08-05 21:47:44,2026-08-19 21:47:44,converted,2026-08-19 21:47:44
209,27447,2026-08-05 01:29:07,2026-08-19 01:29:07,canceled,2026-08-18 01:29:07
210,27449,2026-08-06 07:15:40,2026-08-20 07:15:40,converted,2026-08-20 07:15:40
211,27450,2026-08-06 17:44:50,2026-08-20 17:44:50,converted,2026-08-20 17:44:50
212,27458,2026-08-06 10:20:14,2026-08-20 10:20:14,canceled,2026-08-11 10:20:14
213,27459,2026-08-06 19:35:29,2026-08-20 19:35:29,canceled,2026-08-18 19:35:29
214,27460,2026-08-06 15:42:23,2026-08-20 15:42:23,converted,2026-08-20 15:42:23
215,27461,2026-08-06 03:04:26,2026-08-20 03:04:26,converted,2026-08-20 03:04:26
216,27463,2026-08-06 17:22:44,2026-08-20 17:22:44,converted,2026-08-20 17:22:44
217,27464,2026-08-06 06:00:06,2026-08-20 06:00:06,canceled,2026-08-13 06:00:06
218,27465,2026-08-06 07:38:33,2026-08-20 07:38:33,converted,2026-08-20 07:38:33
219,27466,2026-08-06 15:36:07,2026-08-20 15:36:07,converted,2026-08-20 15:36:07
220,27469,2026-08-06 04:25:05,2026-08-20 04:25:05,canceled,2026-08-11 04:25:05
221,27473,2026-08-06 08:18:19,2026-08-20 08:18:19,converted,2026-08-20 08:18:19
222,27474,2026-08-06 04:35:27,2026-08-20 04:35:27,canceled,2026-08-11 04:35:27
223,27475,2026-08-06 13:11:47,2026-08-20 13:11:47,converted,2026-08-20 13:11:47
224,27476,2026-08-06 13:41:13,2026-08-20 13:41:13,canceled,2026-08-18 13:41:13
225,27478,2026-08-06 14:02:51,2026-08-20 14:02:51,canceled,2026-08-10 14:02:51
226,27479,2026-08-06 10:05:23,2026-08-20 10:05:23,converted,2026-08-20 10:05:23
227,27480,2026-08-06 16:05:22,2026-08-20 16:05:22,canceled,2026-08-14 16:05:22
228,27482,2026-08-06 15:27:35,2026-08-20 15:27:35,converted,2026-08-20 15:27:35
229,27483,2026-08-06 21:02:12,2026-08-20 21:02:12,converted,2026-08-20 21:02:12
230,27484,2026-08-06 13:53:16,2026-08-20 13:53:16,canceled,2026-08-18 13:53:16
231,27485,2026-08-06 09:10:44,2026-08-20 09:10:44,canceled,2026-08-15 09:10:44
232,27487,2026-08-06 05:48:25,2026-08-20 05:48:25,converted,2026-08-20 05:48:25
233,27488,2026-08-06 09:28:32,2026-08-20 09:28:32,converted,2026-08-20 09:28:32
234,27490,2026-08-06 09:02:00,2026-08-20 09:02:00,converted,2026-08-20 09:02:00
235,27492,2026-08-06 11:29:27,2026-08-20 11:29:27,converted,2026-08-20 11:29:27
236,27493,2026-08-06 00:46:48,2026-08-20 00:46:48,canceled,2026-08-15 00:46:48
237,27494,2026-08-06 13:34:50,2026-08-20 13:34:50,converted,2026-08-20 13:34:50
238,27501,2026-08-06 08:20:30,2026-08-20 08:20:30,converted,2026-08-20 08:20:30
239,27503,2026-08-06 05:48:54,2026-08-20 05:48:54,converted,2026-08-20 05:48:54
240,27506,2026-08-06 14:25:32,2026-08-20 14:25:32,converted,2026-08-20 14:25:32
241,27507,2026-08-06 20:47:13,2026-08-20 20:47:13,converted,2026-08-20 20:47:13
242,27508,2026-08-06 07:46:43,2026-08-20 07:46:43,converted,2026-08-20 07:46:43
243,27509,2026-08-06 09:06:59,2026-08-20 09:06:59,canceled,2026-08-12 09:06:59
244,27512,2026-08-06 04:58:43,2026-08-20 04:58:43,canceled,2026-08-18 04:58:43
245,27516,2026-08-06 21:54:36,2026-08-20 21:54:36,canceled,2026-08-10 21:54:36
246,27520,2026-08-06 12:37:03,2026-08-20 12:37:03,canceled,2026-08-17 12:37:03
247,27521,2026-08-06 22:34:40,2026-08-20 22:34:40,canceled,2026-08-10 22:34:40
248,27522,2026-08-06 10:48:54,2026-08-20 10:48:54,canceled,2026-08-19 10:48:54
249,27523,2026-08-06 20:18:44,2026-08-20 20:18:44,converted,2026-08-20 20:18:44
250,27524,2026-08-06 16:08:13,2026-08-20 16:08:13,converted,2026-08-20 16:08:13
251,27525,2026-08-06 02:41:51,2026-08-20 02:41:51,canceled,2026-08-16 02:41:51
252,27526,2026-08-06 04:27:29,2026-08-20 04:27:29,canceled,2026-08-10 04:27:29
253,27532,2026-08-07 01:10:14,2026-08-21 01:10:14,converted,2026-08-21 01:10:14
254,27533,2026-08-07 12:08:31,2026-08-21 12:08:31,canceled,2026-08-20 12:08:31
255,27535,2026-08-07 19:07:00,2026-08-21 19:07:00,converted,2026-08-21 19:07:00
256,27536,2026-08-07 19:17:44,2026-08-21 19:17:44,converted,2026-08-21 19:17:44
257,27538,2026-08-07 17:01:49,2026-08-21 17:01:49,converted,2026-08-21 17:01:49
258,27540,2026-08-07 06:09:18,2026-08-21 06:09:18,converted,2026-08-21 06:09:18
259,27542,2026-08-07 04:35:33,2026-08-21 04:35:33,converted,2026-08-21 04:35:33
260,27545,2026-08-07 08:47:57,2026-08-21 08:47:57,canceled,2026-08-11 08:47:57
261,27546,2026-08-07 22:17:33,2026-08-21 22:17:33,converted,2026-08-21 22:17:33
262,27548,2026-08-07 23:33:40,2026-08-21 23:33:40,converted,2026-08-21 23:33:40
263,27550,2026-08-07 01:41:52,2026-08-21 01:41:52,converted,2026-08-21 01:41:52
264,27553,2026-08-07 00:39:10,2026-08-21 00:39:10,canceled,2026-08-15 00:39:10
265,27555,2026-08-07 08:10:39,2026-08-21 08:10:39,converted,2026-08-21 08:10:39
266,27556,2026-08-07 14:24:12,2026-08-21 14:24:12,canceled,2026-08-16 14:24:12
267,27558,2026-08-07 12:45:37,2026-08-21 12:45:37,canceled,2026-08-13 12:45:37
268,27560,2026-08-07 00:29:54,2026-08-21 00:29:54,converted,2026-08-21 00:29:54
269,27561,2026-08-07 01:09:49,2026-08-21 01:09:49,converted,2026-08-21 01:09:49
270,27564,2026-08-07 06:53:29,2026-08-21 06:53:29,canceled,2026-08-14 06:53:29
271,27565,2026-08-07 16:11:40,2026-08-21 16:11:40,canceled,2026-08-19 16:11:40
272,27566,2026-08-07 08:42:25,2026-08-21 08:42:25,canceled,2026-08-19 08:42:25
273,27567,2026-08-07 03:10:01,2026-08-21 03:10:01,canceled,2026-08-17 03:10:01
274,27571,2026-08-07 14:32:02,2026-08-21 14:32:02,canceled,2026-08-18 14:32:02
275,27576,2026-08-07 20:13:41,2026-08-21 20:13:41,canceled,2026-08-14 20:13:41
276,27581,2026-08-07 09:13:33,2026-08-21 09:13:33,canceled,2026-08-19 09:13:33
277,27582,2026-08-07 13:52:58,2026-08-21 13:52:58,converted,2026-08-21 13:52:58
278,27583,2026-08-07 00:04:06,2026-08-21 00:04:06,canceled,2026-08-17 00:04:06
279,27584,2026-08-07 14:52:59,2026-08-21 14:52:59,canceled,2026-08-17 14:52:59
280,27585,2026-08-07 07:02:19,2026-08-21 07:02:19,canceled,2026-08-13 07:02:19
281,27589,2026-08-07 09:33:15,2026-08-21 09:33:15,canceled,2026-08-15 09:33:15
282,27591,2026-08-07 17:12:52,2026-08-21 17:12:52,converted,2026-08-21 17:12:52
283,27593,2026-08-07 12:39:10,2026-08-21 12:39:10,canceled,2026-08-14 12:39:10
284,27594,2026-08-07 19:03:03,2026-08-21 19:03:03,converted,2026-08-21 19:03:03
285,27597,2026-08-07 08:35:26,2026-08-21 08:35:26,converted,2026-08-21 08:35:26
286,27599,2026-08-07 09:44:19,2026-08-21 09:44:19,converted,2026-08-21 09:44:19
287,27600,2026-08-07 22:23:27,2026-08-21 22:23:27,converted,2026-08-21 22:23:27
288,27603,2026-08-07 04:17:31,2026-08-21 04:17:31,canceled,2026-08-13 04:17:31
289,27605,2026-08-08 13:01:54,2026-08-22 13:01:54,canceled,2026-08-17 13:01:54
290,27609,2026-08-08 14:59:21,2026-08-22 14:59:21,converted,2026-08-22 14:59:21
291,27610,2026-08-08 22:19:17,2026-08-22 22:19:17,converted,2026-08-22 22:19:17
292,27611,2026-08-08 16:42:24,2026-08-22 16:42:24,converted,2026-08-22 16:42:24
293,27615,2026-08-08 01:23:19,2026-08-22 01:23:19,converted,2026-08-22 01:23:19
294,27616,2026-08-08 05:48:15,2026-08-22 05:48:15,canceled,2026-08-19 05:48:15
295,27617,2026-08-08 06:51:34,2026-08-22 06:51:34,converted,2026-08-22 06:51:34
296,27619,2026-08-08 03:04:40,2026-08-22 03:04:40,canceled,2026-08-19 03:04:40
297,27622,2026-08-08 00:55:28,2026-08-22 00:55:28,converted,2026-08-22 00:55:28
298,27623,2026-08-08 14:12:52,2026-08-22 14:12:52,canceled,2026-08-14 14:12:52
299,27626,2026-08-08 09:19:33,2026-08-22 09:19:33,converted,2026-08-22 09:19:33
300,27627,2026-08-08 04:45:11,2026-08-22 04:45:11,converted,2026-08-22 04:45:11
301,27628,2026-08-08 22:11:58,2026-08-22 22:11:58,canceled,2026-08-18 22:11:58
302,27632,2026-08-08 21:38:15,2026-08-22 21:38:15,converted,2026-08-22 21:38:15
303,27635,2026-08-08 06:10:09,2026-08-22 06:10:09,converted,2026-08-22 06:10:09
304,27637,2026-08-08 10:57:18,2026-08-22 10:57:18,converted,2026-08-22 10:57:18
305,27638,2026-08-08 15:26:11,2026-08-22 15:26:11,converted,2026-08-22 15:26:11
306,27639,2026-08-08 22:28:57,2026-08-22 22:28:57,canceled,2026-08-19 22:28:57
307,27640,2026-08-08 09:37:06,2026-08-22 09:37:06,converted,2026-08-22 09:37:06
308,27641,2026-08-08 15:25:04,2026-08-22 15:25:04,canceled,2026-08-21 15:25:04
309,27643,2026-08-08 19:16:54,2026-08-22 19:16:54,converted,2026-08-22 19:16:54
310,27645,2026-08-08 16:50:12,2026-08-22 16:50:12,canceled,2026-08-18 16:50:12
311,27646,2026-08-08 10:12:50,2026-08-22 10:12:50,converted,2026-08-22 10:12:50
312,27647,2026-08-08 16:08:28,2026-08-22 16:08:28,canceled,2026-08-18 16:08:28
313,27651,2026-08-08 19:42:18,2026-08-22 19:42:18,converted,2026-08-22 19:42:18
314,27652,2026-08-08 22:01:40,2026-08-22 22:01:40,converted,2026-08-22 22:01:40
315,27654,2026-08-08 02:24:31,2026-08-22 02:24:31,converted,2026-08-22 02:24:31
316,27657,2026-08-08 04:31:44,2026-08-22 04:31:44,canceled,2026-08-18 04:31:44
317,27658,2026-08-08 21:21:16,2026-08-22 21:21:16,converted,2026-08-22 21:21:16
318,27660,2026-08-08 18:23:47,2026-08-22 18:23:47,canceled,2026-08-19 18:23:47
319,27661,2026-08-08 12:47:47,2026-08-22 12:47:47,converted,2026-08-22 12:47:47
320,27664,2026-08-08 02:01:39,2026-08-22 02:01:39,converted,2026-08-22 02:01:39
321,27665,2026-08-08 10:08:45,2026-08-22 10:08:45,converted,2026-08-22 10:08:45
322,27668,2026-08-08 19:27:00,2026-08-22 19:27:00,converted,2026-08-22 19:27:00
323,27670,2026-08-08 06:08:01,2026-08-22 06:08:01,canceled,2026-08-13 06:08:01
324,27672,2026-08-09 06:21:25,2026-08-23 06:21:25,canceled,2026-08-17 06:21:25
325,27673,2026-08-09 14:36:09,2026-08-23 14:36:09,canceled,2026-08-14 14:36:09
326,27674,2026-08-09 02:53:07,2026-08-23 02:53:07,converted,2026-08-23 02:53:07
327,27675,2026-08-09 15:45:12,2026-08-23 15:45:12,canceled,2026-08-21 15:45:12
328,27676,2026-08-09 01:09:54,2026-08-23 01:09:54,converted,2026-08-23 01:09:54
329,27677,2026-08-09 15:54:55,2026-08-23 15:54:55,converted,2026-08-23 15:54:55
330,27678,2026-08-09 22:33:19,2026-08-23 22:33:19,canceled,2026-08-13 22:33:19
331,27679,2026-08-09 16:25:00,2026-08-23 16:25:00,canceled,2026-08-16 16:25:00
332,27680,2026-08-09 03:50:43,2026-08-23 03:50:43,canceled,2026-08-19 03:50:43
333,27684,2026-08-09 02:14:47,2026-08-23 02:14:47,canceled,2026-08-19 02:14:47
334,27685,2026-08-09 05:26:14,2026-08-23 05:26:14,converted,2026-08-23 05:26:14
335,27686,2026-08-09 18:48:53,2026-08-23 18:48:53,converted,2026-08-23 18:48:53
336,27688,2026-08-09 17:36:49,2026-08-23 17:36:49,canceled,2026-08-15 17:36:49
337,27690,2026-08-09 08:26:51,2026-08-23 08:26:51,converted,2026-08-23 08:26:51
338,27691,2026-08-09 09:31:11,2026-08-23 09:31:11,converted,2026-08-23 09:31:11
339,27694,2026-08-09 02:20:38,2026-08-23 02:20:38,canceled,2026-08-17 02:20:38
340,27695,2026-08-09 20:09:55,2026-08-23 20:09:55,converted,2026-08-23 20:09:55
341,27696,2026-08-09 04:39:23,2026-08-23 04:39:23,converted,2026-08-23 04:39:23
342,27698,2026-08-09 21:39:20,2026-08-23 21:39:20,converted,2026-08-23 21:39:20
343,27702,2026-08-09 07:26:15,2026-08-23 07:26:15,converted,2026-08-23 07:26:15
344,27705,2026-08-09 04:18:15,2026-08-23 04:18:15,converted,2026-08-23 04:18:15
345,27706,2026-08-09 14:51:17,2026-08-23 14:51:17,canceled,2026-08-18 14:51:17
346,27707,2026-08-09 04:41:25,2026-08-23 04:41:25,canceled,2026-08-20 04:41:25
347,27710,2026-08-09 19:11:21,2026-08-23 19:11:21,converted,2026-08-23 19:11:21
348,27711,2026-08-09 10:25:09,2026-08-23 10:25:09,canceled,2026-08-14 10:25:09
349,27713,2026-08-09 22:06:21,2026-08-23 22:06:21,canceled,2026-08-19 22:06:21
350,27715,2026-08-09 00:35:25,2026-08-23 00:35:25,converted,2026-08-23 00:35:25
351,27717,2026-08-09 23:10:41,2026-08-23 23:10:41,canceled,2026-08-15 23:10:41
352,27718,2026-08-09 05:00:16,2026-08-23 05:00:16,converted,2026-08-23 05:00:16
353,27719,2026-08-09 05:18:34,2026-08-23 05:18:34,converted,2026-08-23 05:18:34
354,27721,2026-08-09 09:13:27,2026-08-23 09:13:27,converted,2026-08-23 09:13:27
355,27728,2026-08-09 05:43:20,2026-08-23 05:43:20,canceled,2026-08-17 05:43:20
356,27730,2026-08-09 04:30:47,2026-08-23 04:30:47,converted,2026-08-23 04:30:47
357,27731,2026-08-09 08:41:15,2026-08-23 08:41:15,converted,2026-08-23 08:41:15
358,27732,2026-08-09 22:57:19,2026-08-23 22:57:19,converted,2026-08-23 22:57:19
359,27733,2026-08-09 02:23:12,2026-08-23 02:23:12,canceled,2026-08-14 02:23:12
360,27735,2026-08-09 01:23:59,2026-08-23 01:23:59,canceled,2026-08-13 01:23:59
361,27736,2026-08-09 04:50:55,2026-08-23 04:50:55,canceled,2026-08-19 04:50:55
362,27738,2026-08-09 16:13:30,2026-08-23 16:13:30,converted,2026-08-23 16:13:30
363,27739,2026-08-10 19:45:02,2026-08-24 19:45:02,canceled,2026-08-16 19:45:02
364,27740,2026-08-10 15:13:58,2026-08-24 15:13:58,converted,2026-08-24 15:13:58
365,27742,2026-08-10 15:45:58,2026-08-24 15:45:58,converted,2026-08-24 15:45:58
366,27743,2026-08-10 01:30:43,2026-08-24 01:30:43,converted,2026-08-24 01:30:43
367,27745,2026-08-10 03:27:34,2026-08-24 03:27:34,converted,2026-08-24 03:27:34
368,27754,2026-08-10 23:38:11,2026-08-24 23:38:11,converted,2026-08-24 23:38:11
369,27755,2026-08-10 12:15:10,2026-08-24 12:15:10,canceled,2026-08-21 12:15:10
370,27756,2026-08-10 23:06:43,2026-08-24 23:06:43,canceled,2026-08-22 23:06:43
371,27757,2026-08-10 20:51:31,2026-08-24 20:51:31,converted,2026-08-24 20:51:31
372,27759,2026-08-10 16:13:37,2026-08-24 16:13:37,converted,2026-08-24 16:13:37
373,27763,2026-08-10 22:35:52,2026-08-24 22:35:52,converted,2026-08-24 22:35:52
374,27764,2026-08-10 16:01:14,2026-08-24 16:01:14,canceled,2026-08-14 16:01:14
375,27767,2026-08-10 16:49:18,2026-08-24 16:49:18,converted,2026-08-24 16:49:18
376,27768,2026-08-10 21:29:03,2026-08-24 21:29:03,converted,2026-08-24 21:29:03
377,27769,2026-08-10 17:48:05,2026-08-24 17:48:05,canceled,2026-08-16 17:48:05
378,27770,2026-08-10 18:47:17,2026-08-24 18:47:17,converted,2026-08-24 18:47:17
379,27772,2026-08-10 16:01:55,2026-08-24 16:01:55,converted,2026-08-24 16:01:55
380,27773,2026-08-10 08:35:40,2026-08-24 08:35:40,converted,2026-08-24 08:35:40
381,27775,2026-08-10 04:44:26,2026-08-24 04:44:26,converted,2026-08-24 04:44:26
382,27777,2026-08-10 10:32:17,2026-08-24 10:32:17,canceled,2026-08-16 10:32:17
383,27782,2026-08-10 04:23:54,2026-08-24 04:23:54,converted,2026-08-24 04:23:54
384,27783,2026-08-10 13:26:56,2026-08-24 13:26:56,converted,2026-08-24 13:26:56
385,27785,2026-08-10 19:27:02,2026-08-24 19:27:02,converted,2026-08-24 19:27:02
386,27786,2026-08-10 11:52:23,2026-08-24 11:52:23,converted,2026-08-24 11:52:23
387,27789,2026-08-10 15:41:24,2026-08-24 15:41:24,canceled,2026-08-20 15:41:24
388,27790,2026-08-10 12:57:48,2026-08-24 12:57:48,canceled,2026-08-19 12:57:48
389,27791,2026-08-10 13:58:46,2026-08-24 13:58:46,canceled,2026-08-17 13:58:46
390,27793,2026-08-10 15:51:41,2026-08-24 15:51:41,canceled,2026-08-18 15:51:41
391,27796,2026-08-10 06:26:40,2026-08-24 06:26:40,canceled,2026-08-20 06:26:40
392,27797,2026-08-10 00:53:31,2026-08-24 00:53:31,canceled,2026-08-21 00:53:31
393,27798,2026-08-10 16:57:29,2026-08-24 16:57:29,canceled,2026-08-22 16:57:29
394,27801,2026-08-10 05:55:43,2026-08-24 05:55:43,canceled,2026-08-21 05:55:43
395,27804,2026-08-10 03:15:18,2026-08-24 03:15:18,converted,2026-08-24 03:15:18
396,27809,2026-08-10 22:20:31,2026-08-24 22:20:31,canceled,2026-08-19 22:20:31
397,27815,2026-08-10 18:22:07,2026-08-24 18:22:07,canceled,2026-08-14 18:22:07
398,27816,2026-08-10 14:24:03,2026-08-24 14:24:03,converted,2026-08-24 14:24:03
399,27817,2026-08-10 16:26:41,2026-08-24 16:26:41,canceled,2026-08-23 16:26:41
400,27819,2026-08-10 14:18:40,2026-08-24 14:18:40,converted,2026-08-24 14:18:40
401,27820,2026-08-10 12:14:05,2026-08-24 12:14:05,canceled,2026-08-17 12:14:05
402,27821,2026-08-10 09:23:38,2026-08-24 09:23:38,converted,2026-08-24 09:23:38
403,27822,2026-08-11 20:44:02,2026-08-25 20:44:02,converted,2026-08-25 20:44:02
404,27825,2026-08-11 19:05:34,2026-08-25 19:05:34,canceled,2026-08-21 19:05:34
405,27829,2026-08-11 16:40:06,2026-08-25 16:40:06,canceled,2026-08-24 16:40:06
406,27830,2026-08-11 23:15:26,2026-08-25 23:15:26,canceled,2026-08-16 23:15:26
407,27831,2026-08-11 11:18:58,2026-08-25 11:18:58,canceled,2026-08-23 11:18:58
408,27833,2026-08-11 23:47:45,2026-08-25 23:47:45,converted,2026-08-25 23:47:45
409,27834,2026-08-11 00:18:55,2026-08-25 00:18:55,canceled,2026-08-22 00:18:55
410,27835,2026-08-11 10:06:27,2026-08-25 10:06:27,converted,2026-08-25 10:06:27
411,27836,2026-08-11 18:11:01,2026-08-25 18:11:01,canceled,2026-08-24 18:11:01
412,27837,2026-08-11 23:51:30,2026-08-25 23:51:30,converted,2026-08-25 23:51:30
413,27838,2026-08-11 19:37:55,2026-08-25 19:37:55,canceled,2026-08-17 19:37:55
414,27839,2026-08-11 00:03:39,2026-08-25 00:03:39,converted,2026-08-25 00:03:39
415,27840,2026-08-11 17:03:45,2026-08-25 17:03:45,canceled,2026-08-19 17:03:45
416,27841,2026-08-11 22:03:56,2026-08-25 22:03:56,canceled,2026-08-23 22:03:56
417,27845,2026-08-11 11:27:57,2026-08-25 11:27:57,converted,2026-08-25 11:27:57
418,27846,2026-08-11 20:29:21,2026-08-25 20:29:21,converted,2026-08-25 20:29:21
419,27849,2026-08-11 19:52:44,2026-08-25 19:52:44,canceled,2026-08-15 19:52:44
420,27850,2026-08-11 15:22:58,2026-08-25 15:22:58,canceled,2026-08-22 15:22:58
421,27854,2026-08-11 10:44:39,2026-08-25 10:44:39,canceled,2026-08-15 10:44:39
422,27855,2026-08-11 02:12:57,2026-08-25 02:12:57,canceled,2026-08-19 02:12:57
423,27858,2026-08-11 22:24:14,2026-08-25 22:24:14,converted,2026-08-25 22:24:14
424,27859,2026-08-11 02:45:46,2026-08-25 02:45:46,converted,2026-08-25 02:45:46
425,27862,2026-08-11 18:43:22,2026-08-25 18:43:22,canceled,2026-08-23 18:43:22
426,27865,2026-08-11 18:43:59,2026-08-25 18:43:59,canceled,2026-08-15 18:43:59
427,27866,2026-08-11 05:56:40,2026-08-25 05:56:40,converted,2026-08-25 05:56:40
428,27868,2026-08-11 04:11:32,2026-08-25 04:11:32,converted,2026-08-25 04:11:32
429,27871,2026-08-11 02:18:11,2026-08-25 02:18:11,canceled,2026-08-23 02:18:11
430,27873,2026-08-11 11:02:00,2026-08-25 11:02:00,converted,2026-08-25 11:02:00
431,27876,2026-08-11 23:27:17,2026-08-25 23:27:17,converted,2026-08-25 23:27:17
432,27878,2026-08-11 13:17:57,2026-08-25 13:17:57,canceled,2026-08-20 13:17:57
433,27885,2026-08-11 16:22:42,2026-08-25 16:22:42,converted,2026-08-25 16:22:42
434,27887,2026-08-11 02:13:16,2026-08-25 02:13:16,converted,2026-08-25 02:13:16
435,27888,2026-08-11 12:14:41,2026-08-25 12:14:41,converted,2026-08-25 12:14:41
436,27889,2026-08-11 22:32:15,2026-08-25 22:32:15,converted,2026-08-25 22:32:15
437,27891,2026-08-11 14:48:35,2026-08-25 14:48:35,converted,2026-08-25 14:48:35
438,27892,2026-08-11 13:45:24,2026-08-25 13:45:24,canceled,2026-08-24 13:45:24
439,27893,2026-08-11 05:56:36,2026-08-25 05:56:36,canceled,2026-08-22 05:56:36
440,27895,2026-08-11 12:32:07,2026-08-25 12:32:07,canceled,2026-08-18 12:32:07
441,27896,2026-08-11 03:16:57,2026-08-25 03:16:57,converted,2026-08-25 03:16:57
442,27898,2026-08-11 20:35:12,2026-08-25 20:35:12,canceled,2026-08-22 20:35:12
443,27899,2026-08-11 22:54:18,2026-08-25 22:54:18,canceled,2026-08-20 22:54:18
444,27900,2026-08-12 23:06:13,2026-08-26 23:06:13,converted,2026-08-26 23:06:13
445,27903,2026-08-12 02:52:09,2026-08-26 02:52:09,converted,2026-08-26 02:52:09
446,27904,2026-08-12 03:00:17,2026-08-26 03:00:17,canceled,2026-08-22 03:00:17
447,27905,2026-08-12 05:54:10,2026-08-26 05:54:10,converted,2026-08-26 05:54:10
448,27906,2026-08-12 05:46:51,2026-08-26 05:46:51,converted,2026-08-26 05:46:51
449,27908,2026-08-12 02:58:29,2026-08-26 02:58:29,converted,2026-08-26 02:58:29
450,27911,2026-08-12 06:05:02,2026-08-26 06:05:02,canceled,2026-08-20 06:05:02
451,27915,2026-08-12 14:14:05,2026-08-26 14:14:05,canceled,2026-08-16 14:14:05
452,27916,2026-08-12 21:52:42,2026-08-26 21:52:42,converted,2026-08-26 21:52:42
453,27919,2026-08-12 15:14:54,2026-08-26 15:14:54,canceled,2026-08-16 15:14:54
454,27922,2026-08-12 13:50:01,2026-08-26 13:50:01,converted,2026-08-26 13:50:01
455,27924,2026-08-12 15:25:07,2026-08-26 15:25:07,canceled,2026-08-19 15:25:07
456,27926,2026-08-12 23:15:06,2026-08-26 23:15:06,canceled,2026-08-18 23:15:06
457,27927,2026-08-12 01:40:08,2026-08-26 01:40:08,canceled,2026-08-18 01:40:08
458,27928,2026-08-12 09:13:37,2026-08-26 09:13:37,canceled,2026-08-21 09:13:37
459,27933,2026-08-12 10:51:59,2026-08-26 10:51:59,converted,2026-08-26 10:51:59
460,27934,2026-08-12 13:29:38,2026-08-26 13:29:38,converted,2026-08-26 13:29:38
461,27935,2026-08-12 16:22:28,2026-08-26 16:22:28,converted,2026-08-26 16:22:28
462,27936,2026-08-12 13:20:08,2026-08-26 13:20:08,converted,2026-08-26 13:20:08
463,27938,2026-08-12 04:20:38,2026-08-26 04:20:38,converted,2026-08-26 04:20:38
464,27939,2026-08-12 15:44:47,2026-08-26 15:44:47,converted,2026-08-26 15:44:47
465,27940,2026-08-12 14:06:22,2026-08-26 14:06:22,converted,2026-08-26 14:06:22
466,27941,2026-08-12 18:30:23,2026-08-26 18:30:23,converted,2026-08-26 18:30:23
467,27943,2026-08-12 10:23:23,2026-08-26 10:23:23,canceled,2026-08-16 10:23:23
468,27948,2026-08-12 21:03:11,2026-08-26 21:03:11,canceled,2026-08-17 21:03:11
469,27949,2026-08-12 15:00:13,2026-08-26 15:00:13,converted,2026-08-26 15:00:13
470,27950,2026-08-12 21:23:15,2026-08-26 21:23:15,converted,2026-08-26 21:23:15
471,27951,2026-08-12 15:19:08,2026-08-26 15:19:08,converted,2026-08-26 15:19:08
472,27952,2026-08-12 07:26:31,2026-08-26 07:26:31,canceled,2026-08-22 07:26:31
473,27954,2026-08-12 07:10:18,2026-08-26 07:10:18,canceled,2026-08-17 07:10:18
474,27955,2026-08-12 21:38:05,2026-08-26 21:38:05,canceled,2026-08-25 21:38:05
475,27956,2026-08-12 18:38:54,2026-08-26 18:38:54,converted,2026-08-26 18:38:54
476,27957,2026-08-12 14:57:15,2026-08-26 14:57:15,converted,2026-08-26 14:57:15
477,27960,2026-08-12 07:44:37,2026-08-26 07:44:37,canceled,2026-08-24 07:44:37
478,27961,2026-08-12 18:32:06,2026-08-26 18:32:06,converted,2026-08-26 18:32:06
479,27962,2026-08-12 00:58:04,2026-08-26 00:58:04,converted,2026-08-26 00:58:04
480,27964,2026-08-12 16:10:49,2026-08-26 16:10:49,canceled,2026-08-17 16:10:49
481,27965,2026-08-12 14:27:56,2026-08-26 14:27:56,converted,2026-08-26 14:27:56
482,27966,2026-08-12 03:32:54,2026-08-26 03:32:54,converted,2026-08-26 03:32:54
483,27967,2026-08-12 23:52:54,2026-08-26 23:52:54,converted,2026-08-26 23:52:54
484,27970,2026-08-12 20:21:26,2026-08-26 20:21:26,converted,2026-08-26 20:21:26
485,27971,2026-08-12 00:41:34,2026-08-26 00:41:34,canceled,2026-08-17 00:41:34
486,27972,2026-08-12 02:12:38,2026-08-26 02:12:38,canceled,2026-08-22 02:12:38
487,27973,2026-08-13 02:55:17,2026-08-27 02:55:17,canceled,2026-08-18 02:55:17
488,27974,2026-08-13 11:04:31,2026-08-27 11:04:31,canceled,2026-08-21 11:04:31
489,27977,2026-08-13 01:56:38,2026-08-27 01:56:38,converted,2026-08-27 01:56:38
490,27979,2026-08-13 20:08:55,2026-08-27 20:08:55,canceled,2026-08-23 20:08:55
491,27981,2026-08-13 15:28:21,2026-08-27 15:28:21,canceled,2026-08-20 15:28:21
492,27982,2026-08-13 17:28:14,2026-08-27 17:28:14,converted,2026-08-27 17:28:14
493,27985,2026-08-13 01:03:42,2026-08-27 01:03:42,converted,2026-08-27 01:03:42
494,27988,2026-08-13 08:36:12,2026-08-27 08:36:12,canceled,2026-08-23 08:36:12
495,27992,2026-08-13 02:11:38,2026-08-27 02:11:38,canceled,2026-08-18 02:11:38
496,27993,2026-08-13 02:13:02,2026-08-27 02:13:02,converted,2026-08-27 02:13:02
497,27994,2026-08-13 11:47:10,2026-08-27 11:47:10,canceled,2026-08-17 11:47:10
498,27996,2026-08-13 11:31:59,2026-08-27 11:31:59,converted,2026-08-27 11:31:59
499,27998,2026-08-13 09:45:36,2026-08-27 09:45:36,canceled,2026-08-25 09:45:36
500,27999,2026-08-13 19:35:56,2026-08-27 19:35:56,canceled,2026-08-18 19:35:56
501,28003,2026-08-13 09:22:30,2026-08-27 09:22:30,canceled,2026-08-24 09:22:30
502,28005,2026-08-13 03:54:29,2026-08-27 03:54:29,converted,2026-08-27 03:54:29
503,28008,2026-08-13 19:03:40,2026-08-27 19:03:40,canceled,2026-08-26 19:03:40
504,28009,2026-08-13 15:17:35,2026-08-27 15:17:35,canceled,2026-08-21 15:17:35
505,28014,2026-08-13 11:18:18,2026-08-27 11:18:18,converted,2026-08-27 11:18:18
506,28016,2026-08-13 22:48:09,2026-08-27 22:48:09,canceled,2026-08-25 22:48:09
507,28019,2026-08-13 20:14:57,2026-08-27 20:14:57,converted,2026-08-27 20:14:57
508,28020,2026-08-13 09:03:02,2026-08-27 09:03:02,canceled,2026-08-22 09:03:02
509,28021,2026-08-13 23:48:43,2026-08-27 23:48:43,canceled,2026-08-21 23:48:43
510,28022,2026-08-13 03:27:09,2026-08-27 03:27:09,canceled,2026-08-25 03:27:09
511,28024,2026-08-13 07:03:13,2026-08-27 07:03:13,converted,2026-08-27 07:03:13
512,28025,2026-08-13 09:54:12,2026-08-27 09:54:12,canceled,2026-08-21 09:54:12
513,28027,2026-08-13 17:36:45,2026-08-27 17:36:45,canceled,2026-08-20 17:36:45
514,28028,2026-08-13 12:04:59,2026-08-27 12:04:59,converted,2026-08-27 12:04:59
515,28029,2026-08-13 13:38:11,2026-08-27 13:38:11,canceled,2026-08-22 13:38:11
516,28032,2026-08-14 04:18:36,2026-08-28 04:18:36,converted,2026-08-28 04:18:36
517,28033,2026-08-14 21:08:47,2026-08-28 21:08:47,converted,2026-08-28 21:08:47
518,28035,2026-08-14 22:17:14,2026-08-28 22:17:14,canceled,2026-08-20 22:17:14
519,28036,2026-08-14 22:45:05,2026-08-28 22:45:05,converted,2026-08-28 22:45:05
520,28038,2026-08-14 08:27:00,2026-08-28 08:27:00,canceled,2026-08-20 08:27:00
521,28039,2026-08-14 12:22:31,2026-08-28 12:22:31,canceled,2026-08-21 12:22:31
522,28040,2026-08-14 14:25:46,2026-08-28 14:25:46,canceled,2026-08-18 14:25:46
523,28042,2026-08-14 05:58:19,2026-08-28 05:58:19,converted,2026-08-28 05:58:19
524,28043,2026-08-14 18:04:50,2026-08-28 18:04:50,converted,2026-08-28 18:04:50
525,28045,2026-08-14 04:37:12,2026-08-28 04:37:12,converted,2026-08-28 04:37:12
526,28047,2026-08-14 05:49:03,2026-08-28 05:49:03,canceled,2026-08-22 05:49:03
527,28049,2026-08-14 17:20:12,2026-08-28 17:20:12,canceled,2026-08-23 17:20:12
528,28050,2026-08-14 15:07:52,2026-08-28 15:07:52,canceled,2026-08-27 15:07:52
529,28051,2026-08-14 21:46:21,2026-08-28 21:46:21,converted,2026-08-28 21:46:21
530,28052,2026-08-14 10:38:11,2026-08-28 10:38:11,canceled,2026-08-21 10:38:11
531,28055,2026-08-14 18:15:28,2026-08-28 18:15:28,canceled,2026-08-19 18:15:28
532,28057,2026-08-14 09:32:04,2026-08-28 09:32:04,canceled,2026-08-26 09:32:04
533,28060,2026-08-14 23:13:50,2026-08-28 23:13:50,canceled,2026-08-19 23:13:50
534,28061,2026-08-14 18:18:25,2026-08-28 18:18:25,converted,2026-08-28 18:18:25
535,28063,2026-08-14 23:37:29,2026-08-28 23:37:29,canceled,2026-08-18 23:37:29
536,28067,2026-08-14 07:54:00,2026-08-28 07:54:00,converted,2026-08-28 07:54:00
537,28071,2026-08-14 11:19:51,2026-08-28 11:19:51,converted,2026-08-28 11:19:51
538,28075,2026-08-14 17:48:17,2026-08-28 17:48:17,canceled,2026-08-20 17:48:17
539,28076,2026-08-14 18:15:41,2026-08-28 18:15:41,converted,2026-08-28 18:15:41
540,28077,2026-08-14 10:54:53,2026-08-28 10:54:53,canceled,2026-08-21 10:54:53
541,28078,2026-08-14 22:26:36,2026-08-28 22:26:36,canceled,2026-08-27 22:26:36
542,28079,2026-08-14 10:30:20,2026-08-28 10:30:20,canceled,2026-08-23 10:30:20
543,28082,2026-08-14 15:07:29,2026-08-28 15:07:29,canceled,2026-08-23 15:07:29
544,28084,2026-08-14 22:28:08,2026-08-28 22:28:08,converted,2026-08-28 22:28:08
545,28087,2026-08-14 19:49:53,2026-08-28 19:49:53,converted,2026-08-28 19:49:53
546,28089,2026-08-14 12:20:25,2026-08-28 12:20:25,canceled,2026-08-24 12:20:25
547,28093,2026-08-14 02:18:37,2026-08-28 02:18:37,converted,2026-08-28 02:18:37
548,28094,2026-08-14 14:37:25,2026-08-28 14:37:25,canceled,2026-08-22 14:37:25
549,28095,2026-08-14 16:55:54,2026-08-28 16:55:54,canceled,2026-08-23 16:55:54
550,28096,2026-08-14 00:33:58,2026-08-28 00:33:58,converted,2026-08-28 00:33:58
551,28097,2026-08-14 13:36:36,2026-08-28 13:36:36,canceled,2026-08-19 13:36:36
552,28098,2026-08-14 18:33:14,2026-08-28 18:33:14,converted,2026-08-28 18:33:14
553,28099,2026-08-14 22:44:19,2026-08-28 22:44:19,canceled,2026-08-27 22:44:19
554,28100,2026-08-14 12:23:54,2026-08-28 12:23:54,converted,2026-08-28 12:23:54
555,28101,2026-08-14 17:55:23,2026-08-28 17:55:23,canceled,2026-08-19 17:55:23
556,28102,2026-08-14 02:29:30,2026-08-28 02:29:30,converted,2026-08-28 02:29:30
557,28104,2026-08-14 17:08:52,2026-08-28 17:08:52,canceled,2026-08-26 17:08:52
558,28105,2026-08-14 08:01:41,2026-08-28 08:01:41,converted,2026-08-28 08:01:41
559,28106,2026-08-14 18:50:51,2026-08-28 18:50:51,converted,2026-08-28 18:50:51
560,28108,2026-08-14 21:42:48,2026-08-28 21:42:48,converted,2026-08-28 21:42:48
561,28109,2026-08-14 05:24:38,2026-08-28 05:24:38,canceled,2026-08-19 05:24:38
562,28111,2026-08-15 08:47:45,2026-08-29 08:47:45,converted,2026-08-29 08:47:45
563,28113,2026-08-15 11:47:08,2026-08-29 11:47:08,converted,2026-08-29 11:47:08
564,28115,2026-08-15 01:47:56,2026-08-29 01:47:56,converted,2026-08-29 01:47:56
565,28117,2026-08-15 20:40:49,2026-08-29 20:40:49,canceled,2026-08-20 20:40:49
566,28118,2026-08-15 15:26:42,2026-08-29 15:26:42,canceled,2026-08-21 15:26:42
567,28120,2026-08-15 15:27:32,2026-08-29 15:27:32,converted,2026-08-29 15:27:32
568,28124,2026-08-15 23:20:53,2026-08-29 23:20:53,canceled,2026-08-21 23:20:53
569,28126,2026-08-15 04:23:35,2026-08-29 04:23:35,canceled,2026-08-24 04:23:35
570,28128,2026-08-15 17:55:32,2026-08-29 17:55:32,canceled,2026-08-20 17:55:32
571,28129,2026-08-15 19:51:33,2026-08-29 19:51:33,converted,2026-08-29 19:51:33
572,28130,2026-08-15 20:33:47,2026-08-29 20:33:47,converted,2026-08-29 20:33:47
573,28133,2026-08-15 09:32:10,2026-08-29 09:32:10,converted,2026-08-29 09:32:10
574,28135,2026-08-15 18:26:17,2026-08-29 18:26:17,canceled,2026-08-27 18:26:17
575,28137,2026-08-15 04:32:22,2026-08-29 04:32:22,converted,2026-08-29 04:32:22
576,28139,2026-08-15 17:04:09,2026-08-29 17:04:09,converted,2026-08-29 17:04:09
577,28141,2026-08-15 04:00:58,2026-08-29 04:00:58,converted,2026-08-29 04:00:58
578,28144,2026-08-15 19:52:15,2026-08-29 19:52:15,canceled,2026-08-24 19:52:15
579,28146,2026-08-15 15:20:53,2026-08-29 15:20:53,canceled,2026-08-26 15:20:53
580,28148,2026-08-15 23:56:03,2026-08-29 23:56:03,canceled,2026-08-22 23:56:03
581,28149,2026-08-15 14:15:15,2026-08-29 14:15:15,converted,2026-08-29 14:15:15
582,28150,2026-08-15 23:33:35,2026-08-29 23:33:35,converted,2026-08-29 23:33:35
583,28151,2026-08-15 11:48:46,2026-08-29 11:48:46,canceled,2026-08-23 11:48:46
584,28154,2026-08-15 09:16:43,2026-08-29 09:16:43,converted,2026-08-29 09:16:43
585,28155,2026-08-15 09:53:33,2026-08-29 09:53:33,converted,2026-08-29 09:53:33
586,28161,2026-08-15 16:55:58,2026-08-29 16:55:58,converted,2026-08-29 16:55:58
587,28162,2026-08-15 06:18:42,2026-08-29 06:18:42,converted,2026-08-29 06:18:42
588,28163,2026-08-15 21:28:04,2026-08-29 21:28:04,canceled,2026-08-25 21:28:04
589,28165,2026-08-15 10:58:44,2026-08-29 10:58:44,converted,2026-08-29 10:58:44
590,28166,2026-08-15 05:38:37,2026-08-29 05:38:37,converted,2026-08-29 05:38:37
591,28167,2026-08-15 18:49:02,2026-08-29 18:49:02,converted,2026-08-29 18:49:02
592,28168,2026-08-15 01:16:59,2026-08-29 01:16:59,canceled,2026-08-26 01:16:59
593,28173,2026-08-15 19:16:58,2026-08-29 19:16:58,converted,2026-08-29 19:16:58
594,28174,2026-08-15 16:17:43,2026-08-29 16:17:43,canceled,2026-08-21 16:17:43
595,28175,2026-08-15 07:11:43,2026-08-29 07:11:43,canceled,2026-08-19 07:11:43
596,28176,2026-08-15 15:21:27,2026-08-29 15:21:27,converted,2026-08-29 15:21:27
597,28178,2026-08-15 10:29:00,2026-08-29 10:29:00,canceled,2026-08-20 10:29:00
598,28179,2026-08-15 21:26:02,2026-08-29 21:26:02,canceled,2026-08-22 21:26:02
599,28183,2026-08-15 21:03:28,2026-08-29 21:03:28,converted,2026-08-29 21:03:28
600,28186,2026-08-16 14:00:26,2026-08-30 14:00:26,canceled,2026-08-23 14:00:26
601,28190,2026-08-16 23:59:21,2026-08-30 23:59:21,converted,2026-08-30 23:59:21
602,28194,2026-08-16 23:48:34,2026-08-30 23:48:34,converted,2026-08-30 23:48:34
603,28195,2026-08-16 02:25:48,2026-08-30 02:25:48,canceled,2026-08-28 02:25:48
604,28197,2026-08-16 18:19:59,2026-08-30 18:19:59,converted,2026-08-30 18:19:59
605,28198,2026-08-16 05:38:52,2026-08-30 05:38:52,converted,2026-08-30 05:38:52
606,28200,2026-08-16 22:49:52,2026-08-30 22:49:52,converted,2026-08-30 22:49:52
607,28202,2026-08-16 04:47:04,2026-08-30 04:47:04,converted,2026-08-30 04:47:04
608,28203,2026-08-16 11:06:48,2026-08-30 11:06:48,canceled,2026-08-21 11:06:48
609,28204,2026-08-16 17:58:35,2026-08-30 17:58:35,canceled,2026-08-29 17:58:35
610,28205,2026-08-16 00:26:08,2026-08-30 00:26:08,converted,2026-08-30 00:26:08
611,28206,2026-08-16 12:20:44,2026-08-30 12:20:44,converted,2026-08-30 12:20:44
612,28207,2026-08-16 21:05:59,2026-08-30 21:05:59,canceled,2026-08-28 21:05:59
613,28208,2026-08-16 16:26:30,2026-08-30 16:26:30,converted,2026-08-30 16:26:30
614,28212,2026-08-16 00:53:26,2026-08-30 00:53:26,converted,2026-08-30 00:53:26
615,28218,2026-08-16 17:53:23,2026-08-30 17:53:23,canceled,2026-08-28 17:53:23
616,28219,2026-08-16 18:31:25,2026-08-30 18:31:25,canceled,2026-08-25 18:31:25
617,28220,2026-08-16 00:34:54,2026-08-30 00:34:54,converted,2026-08-30 00:34:54
618,28222,2026-08-16 07:58:25,2026-08-30 07:58:25,converted,2026-08-30 07:58:25
619,28223,2026-08-16 04:40:17,2026-08-30 04:40:17,canceled,2026-08-27 04:40:17
620,28224,2026-08-16 21:01:48,2026-08-30 21:01:48,canceled,2026-08-29 21:01:48
621,28225,2026-08-16 23:41:27,2026-08-30 23:41:27,converted,2026-08-30 23:41:27
622,28227,2026-08-16 17:36:49,2026-08-30 17:36:49,canceled,2026-08-20 17:36:49
623,28229,2026-08-16 17:12:53,2026-08-30 17:12:53,canceled,2026-08-25 17:12:53
624,28232,2026-08-16 14:08:35,2026-08-30 14:08:35,converted,2026-08-30 14:08:35
625,28233,2026-08-16 15:09:00,2026-08-30 15:09:00,converted,2026-08-30 15:09:00
626,28234,2026-08-16 15:24:37,2026-08-30 15:24:37,canceled,2026-08-24 15:24:37
627,28235,2026-08-16 04:15:13,2026-08-30 04:15:13,converted,2026-08-30 04:15:13
628,28237,2026-08-16 22:12:16,2026-08-30 22:12:16,converted,2026-08-30 22:12:16
629,28238,2026-08-16 05:54:22,2026-08-30 05:54:22,converted,2026-08-30 05:54:22
630,28239,2026-08-16 09:44:00,2026-08-30 09:44:00,converted,2026-08-30 09:44:00
631,28240,2026-08-16 02:27:30,2026-08-30 02:27:30,converted,2026-08-30 02:27:30
632,28241,2026-08-16 04:14:36,2026-08-30 04:14:36,canceled,2026-08-20 04:14:36
633,28242,2026-08-16 11:23:24,2026-08-30 11:23:24,canceled,2026-08-28 11:23:24
634,28243,2026-08-16 01:10:46,2026-08-30 01:10:46,converted,2026-08-30 01:10:46
635,28244,2026-08-16 23:24:23,2026-08-30 23:24:23,converted,2026-08-30 23:24:23
636,28245,2026-08-16 17:42:41,2026-08-30 17:42:41,converted,2026-08-30 17:42:41
637,28248,2026-08-16 12:00:33,2026-08-30 12:00:33,converted,2026-08-30 12:00:33
638,28250,2026-08-16 03:18:59,2026-08-30 03:18:59,canceled,2026-08-22 03:18:59
639,28251,2026-08-16 05:42:48,2026-08-30 05:42:48,canceled,2026-08-29 05:42:48
640,28252,2026-08-16 00:11:06,2026-08-30 00:11:06,canceled,2026-08-21 00:11:06
641,28258,2026-08-17 14:37:06,2026-08-31 14:37:06,canceled,2026-08-30 14:37:06
642,28260,2026-08-17 21:12:56,2026-08-31 21:12:56,canceled,2026-08-23 21:12:56
643,28262,2026-08-17 10:45:03,2026-08-31 10:45:03,canceled,2026-08-21 10:45:03
644,28263,2026-08-17 18:33:26,2026-08-31 18:33:26,converted,2026-08-31 18:33:26
645,28264,2026-08-17 00:33:18,2026-08-31 00:33:18,canceled,2026-08-24 00:33:18
646,28265,2026-08-17 06:54:28,2026-08-31 06:54:28,canceled,2026-08-21 06:54:28
647,28268,2026-08-17 09:24:11,2026-08-31 09:24:11,converted,2026-08-31 09:24:11
648,28269,2026-08-17 00:43:01,2026-08-31 00:43:01,converted,2026-08-31 00:43:01
649,28271,2026-08-17 14:01:33,2026-08-31 14:01:33,converted,2026-08-31 14:01:33
650,28272,2026-08-17 23:56:20,2026-08-31 23:56:20,canceled,2026-08-23 23:56:20
651,28276,2026-08-17 12:02:02,2026-08-31 12:02:02,canceled,2026-08-22 12:02:02
652,28279,2026-08-17 15:41:40,2026-08-31 15:41:40,converted,2026-08-31 15:41:40
653,28281,2026-08-17 16:16:57,2026-08-31 16:16:57,converted,2026-08-31 16:16:57
654,28282,2026-08-17 12:38:55,2026-08-31 12:38:55,canceled,2026-08-28 12:38:55
655,28283,2026-08-17 18:38:25,2026-08-31 18:38:25,converted,2026-08-31 18:38:25
656,28286,2026-08-17 15:03:57,2026-08-31 15:03:57,converted,2026-08-31 15:03:57
657,28287,2026-08-17 05:41:44,2026-08-31 05:41:44,converted,2026-08-31 05:41:44
658,28288,2026-08-17 16:03:05,2026-08-31 16:03:05,canceled,2026-08-24 16:03:05
659,28290,2026-08-17 02:07:55,2026-08-31 02:07:55,converted,2026-08-31 02:07:55
660,28292,2026-08-17 23:39:43,2026-08-31 23:39:43,converted,2026-08-31 23:39:43
661,28293,2026-08-17 00:24:07,2026-08-31 00:24:07,canceled,2026-08-24 00:24:07
662,28295,2026-08-17 19:25:25,2026-08-31 19:25:25,converted,2026-08-31 19:25:25
663,28296,2026-08-17 09:06:04,2026-08-31 09:06:04,converted,2026-08-31 09:06:04
664,28297,2026-08-17 17:45:46,2026-08-31 17:45:46,canceled,2026-08-25 17:45:46
665,28298,2026-08-17 10:53:32,2026-08-31 10:53:32,canceled,2026-08-25 10:53:32
666,28299,2026-08-17 04:21:33,2026-08-31 04:21:33,canceled,2026-08-28 04:21:33
667,28305,2026-08-17 05:01:15,2026-08-31 05:01:15,converted,2026-08-31 05:01:15
668,28308,2026-08-17 09:41:38,2026-08-31 09:41:38,converted,2026-08-31 09:41:38
669,28309,2026-08-17 19:30:49,2026-08-31 19:30:49,converted,2026-08-31 19:30:49
670,28310,2026-08-17 08:14:15,2026-08-31 08:14:15,canceled,2026-08-22 08:14:15
671,28311,2026-08-17 06:15:35,2026-08-31 06:15:35,converted,2026-08-31 06:15:35
672,28313,2026-08-17 06:57:51,2026-08-31 06:57:51,canceled,2026-08-26 06:57:51
673,28314,2026-08-17 00:50:59,2026-08-31 00:50:59,canceled,2026-08-24 00:50:59
674,28315,2026-08-17 21:01:13,2026-08-31 21:01:13,converted,2026-08-31 21:01:13
675,28317,2026-08-17 08:50:36,2026-08-31 08:50:36,canceled,2026-08-21 08:50:36
676,28318,2026-08-17 02:41:56,2026-08-31 02:41:56,canceled,2026-08-21 02:41:56
677,28319,2026-08-17 19:46:12,2026-08-31 19:46:12,converted,2026-08-31 19:46:12
678,28320,2026-08-17 00:54:19,2026-08-31 00:54:19,converted,2026-08-31 00:54:19
679,28321,2026-08-17 04:27:05,2026-08-31 04:27:05,converted,2026-08-31 04:27:05
680,28322,2026-08-17 19:32:27,2026-08-31 19:32:27,converted,2026-08-31 19:32:27
681,28323,2026-08-17 03:12:06,2026-08-31 03:12:06,converted,2026-08-31 03:12:06
682,28324,2026-08-17 02:28:11,2026-08-31 02:28:11,converted,2026-08-31 02:28:11
683,28329,2026-08-17 15:30:38,2026-08-31 15:30:38,canceled,2026-08-30 15:30:38
684,28330,2026-08-17 19:36:31,2026-08-31 19:36:31,canceled,2026-08-21 19:36:31
685,28331,2026-08-17 10:43:31,2026-08-31 10:43:31,converted,2026-08-31 10:43:31
686,28332,2026-08-17 07:22:46,2026-08-31 07:22:46,canceled,2026-08-29 07:22:46
687,28334,2026-08-17 17:58:36,2026-08-31 17:58:36,converted,2026-08-31 17:58:36
688,28336,2026-08-18 19:56:49,2026-09-01 19:56:49,canceled,2026-08-29 19:56:49
689,28338,2026-08-18 05:48:12,2026-09-01 05:48:12,converted,2026-09-01 05:48:12
690,28341,2026-08-18 20:12:47,2026-09-01 20:12:47,converted,2026-09-01 20:12:47
691,28344,2026-08-18 21:42:28,2026-09-01 21:42:28,converted,2026-09-01 21:42:28
692,28345,2026-08-18 13:28:17,2026-09-01 13:28:17,canceled,2026-08-25 13:28:17
693,28346,2026-08-18 14:07:44,2026-09-01 14:07:44,converted,2026-09-01 14:07:44
694,28348,2026-08-18 02:01:42,2026-09-01 02:01:42,canceled,2026-08-22 02:01:42
695,28352,2026-08-18 03:19:09,2026-09-01 03:19:09,converted,2026-09-01 03:19:09
696,28355,2026-08-18 18:30:47,2026-09-01 18:30:47,canceled,2026-08-26 18:30:47
697,28356,2026-08-18 13:33:36,2026-09-01 13:33:36,converted,2026-09-01 13:33:36
698,28362,2026-08-18 11:47:27,2026-09-01 11:47:27,canceled,2026-08-30 11:47:27
699,28363,2026-08-18 21:24:07,2026-09-01 21:24:07,canceled,2026-08-30 21:24:07
700,28364,2026-08-18 17:22:35,2026-09-01 17:22:35,converted,2026-09-01 17:22:35
701,28365,2026-08-18 04:26:25,2026-09-01 04:26:25,converted,2026-09-01 04:26:25
702,28366,2026-08-18 21:33:58,2026-09-01 21:33:58,canceled,2026-08-22 21:33:58
703,28369,2026-08-18 04:30:13,2026-09-01 04:30:13,canceled,2026-08-28 04:30:13
704,28373,2026-08-18 11:47:06,2026-09-01 11:47:06,converted,2026-09-01 11:47:06
705,28376,2026-08-18 14:36:33,2026-09-01 14:36:33,converted,2026-09-01 14:36:33
706,28379,2026-08-18 09:50:43,2026-09-01 09:50:43,canceled,2026-08-31 09:50:43
707,28380,2026-08-18 03:42:07,2026-09-01 03:42:07,converted,2026-09-01 03:42:07
708,28383,2026-08-18 10:31:05,2026-09-01 10:31:05,canceled,2026-08-22 10:31:05
709,28384,2026-08-18 00:15:25,2026-09-01 00:15:25,converted,2026-09-01 00:15:25
710,28385,2026-08-18 09:56:04,2026-09-01 09:56:04,canceled,2026-08-24 09:56:04
711,28386,2026-08-18 00:40:47,2026-09-01 00:40:47,converted,2026-09-01 00:40:47
712,28388,2026-08-18 22:03:22,2026-09-01 22:03:22,converted,2026-09-01 22:03:22
713,28390,2026-08-18 19:57:06,2026-09-01 19:57:06,converted,2026-09-01 19:57:06
714,28395,2026-08-18 06:36:13,2026-09-01 06:36:13,converted,2026-09-01 06:36:13
715,28398,2026-08-18 17:19:59,2026-09-01 17:19:59,converted,2026-09-01 17:19:59
716,28403,2026-08-18 22:57:34,2026-09-01 22:57:34,converted,2026-09-01 22:57:34
717,28404,2026-08-18 18:44:04,2026-09-01 18:44:04,canceled,2026-08-23 18:44:04
718,28405,2026-08-18 09:14:19,2026-09-01 09:14:19,converted,2026-09-01 09:14:19
719,28410,2026-08-18 05:55:16,2026-09-01 05:55:16,canceled,2026-08-22 05:55:16
720,28415,2026-08-19 23:32:54,2026-09-02 23:32:54,canceled,2026-09-01 23:32:54
721,28417,2026-08-19 08:19:18,2026-09-02 08:19:18,converted,2026-09-02 08:19:18
722,28419,2026-08-19 01:05:21,2026-09-02 01:05:21,converted,2026-09-02 01:05:21
723,28420,2026-08-19 22:53:16,2026-09-02 22:53:16,canceled,2026-09-01 22:53:16
724,28422,2026-08-19 00:59:10,2026-09-02 00:59:10,converted,2026-09-02 00:59:10
725,28423,2026-08-19 08:05:20,2026-09-02 08:05:20,canceled,2026-08-23 08:05:20
726,28424,2026-08-19 03:24:17,2026-09-02 03:24:17,canceled,2026-09-01 03:24:17
727,28429,2026-08-19 14:25:50,2026-09-02 14:25:50,converted,2026-09-02 14:25:50
728,28430,2026-08-19 22:59:09,2026-09-02 22:59:09,canceled,2026-08-26 22:59:09
729,28431,2026-08-19 17:56:55,2026-09-02 17:56:55,converted,2026-09-02 17:56:55
730,28432,2026-08-19 13:11:07,2026-09-02 13:11:07,canceled,2026-08-26 13:11:07
731,28434,2026-08-19 15:18:09,2026-09-02 15:18:09,canceled,2026-08-25 15:18:09
732,28437,2026-08-19 17:07:52,2026-09-02 17:07:52,canceled,2026-09-01 17:07:52
733,28439,2026-08-19 05:43:07,2026-09-02 05:43:07,converted,2026-09-02 05:43:07
734,28443,2026-08-19 01:43:01,2026-09-02 01:43:01,converted,2026-09-02 01:43:01
735,28446,2026-08-19 11:22:06,2026-09-02 11:22:06,converted,2026-09-02 11:22:06
736,28451,2026-08-19 00:42:26,2026-09-02 00:42:26,converted,2026-09-02 00:42:26
737,28453,2026-08-19 18:29:16,2026-09-02 18:29:16,canceled,2026-08-23 18:29:16
738,28455,2026-08-19 19:36:20,2026-09-02 19:36:20,canceled,2026-08-24 19:36:20
739,28456,2026-08-19 02:58:53,2026-09-02 02:58:53,canceled,2026-08-31 02:58:53
740,28458,2026-08-19 04:34:31,2026-09-02 04:34:31,canceled,2026-08-29 04:34:31
741,28459,2026-08-19 09:05:20,2026-09-02 09:05:20,canceled,2026-08-27 09:05:20
742,28462,2026-08-19 13:32:20,2026-09-02 13:32:20,canceled,2026-08-28 13:32:20
743,28463,2026-08-19 12:02:16,2026-09-02 12:02:16,converted,2026-09-02 12:02:16
744,28464,2026-08-19 15:42:54,2026-09-02 15:42:54,converted,2026-09-02 15:42:54
745,28466,2026-08-19 22:30:33,2026-09-02 22:30:33,converted,2026-09-02 22:30:33
746,28467,2026-08-19 01:46:56,2026-09-02 01:46:56,converted,2026-09-02 01:46:56
747,28468,2026-08-19 10:49:32,2026-09-02 10:49:32,converted,2026-09-02 10:49:32
748,28471,2026-08-19 22:34:13,2026-09-02 22:34:13,converted,2026-09-02 22:34:13
749,28474,2026-08-19 16:26:43,2026-09-02 16:26:43,canceled,2026-08-23 16:26:43
750,28475,2026-08-19 15:30:22,2026-09-02 15:30:22,converted,2026-09-02 15:30:22
751,28477,2026-08-19 01:57:45,2026-09-02 01:57:45,converted,2026-09-02 01:57:45
752,28478,2026-08-19 20:38:57,2026-09-02 20:38:57,converted,2026-09-02 20:38:57
753,28479,2026-08-19 15:28:16,2026-09-02 15:28:16,converted,2026-09-02 15:28:16
754,28481,2026-08-19 01:54:50,2026-09-02 01:54:50,converted,2026-09-02 01:54:50
755,28484,2026-08-19 21:12:46,2026-09-02 21:12:46,canceled,2026-08-27 21:12:46
756,28485,2026-08-19 02:11:00,2026-09-02 02:11:00,canceled,2026-08-24 02:11:00
757,28486,2026-08-19 08:33:00,2026-09-02 08:33:00,converted,2026-09-02 08:33:00
758,28488,2026-08-19 11:22:15,2026-09-02 11:22:15,converted,2026-09-02 11:22:15
759,28490,2026-08-19 23:21:14,2026-09-02 23:21:14,converted,2026-09-02 23:21:14
760,28492,2026-08-19 14:20:29,2026-09-02 14:20:29,converted,2026-09-02 14:20:29
761,28495,2026-08-20 10:35:48,2026-09-03 10:35:48,canceled,2026-08-24 10:35:48
762,28496,2026-08-20 20:09:08,2026-09-03 20:09:08,converted,2026-09-03 20:09:08
763,28498,2026-08-20 09:05:28,2026-09-03 09:05:28,canceled,2026-09-01 09:05:28
764,28499,2026-08-20 19:00:10,2026-09-03 19:00:10,converted,2026-09-03 19:00:10
765,28505,2026-08-20 02:10:15,2026-09-03 02:10:15,canceled,2026-08-27 02:10:15
766,28506,2026-08-20 16:29:46,2026-09-03 16:29:46,converted,2026-09-03 16:29:46
767,28508,2026-08-20 18:25:32,2026-09-03 18:25:32,canceled,2026-08-27 18:25:32
768,28511,2026-08-20 16:40:40,2026-09-03 16:40:40,canceled,2026-08-25 16:40:40
769,28512,2026-08-20 12:42:15,2026-09-03 12:42:15,canceled,2026-09-02 12:42:15
770,28517,2026-08-20 09:46:46,2026-09-03 09:46:46,converted,2026-09-03 09:46:46
771,28518,2026-08-20 18:49:57,2026-09-03 18:49:57,canceled,2026-08-29 18:49:57
772,28521,2026-08-20 02:40:02,2026-09-03 02:40:02,converted,2026-09-03 02:40:02
773,28524,2026-08-20 09:00:24,2026-09-03 09:00:24,converted,2026-09-03 09:00:24
774,28527,2026-08-20 05:23:32,2026-09-03 05:23:32,converted,2026-09-03 05:23:32
775,28529,2026-08-20 04:58:45,2026-09-03 04:58:45,converted,2026-09-03 04:58:45
776,28531,2026-08-20 01:56:08,2026-09-03 01:56:08,canceled,2026-08-26 01:56:08
777,28533,2026-08-20 09:12:22,2026-09-03 09:12:22,canceled,2026-08-27 09:12:22
778,28535,2026-08-20 15:35:21,2026-09-03 15:35:21,canceled,2026-08-30 15:35:21
779,28536,2026-08-20 01:24:39,2026-09-03 01:24:39,canceled,2026-08-24 01:24:39
780,28541,2026-08-20 10:44:45,2026-09-03 10:44:45,canceled,2026-08-30 10:44:45
781,28543,2026-08-20 12:14:26,2026-09-03 12:14:26,canceled,2026-08-27 12:14:26
782,28548,2026-08-20 21:33:13,2026-09-03 21:33:13,converted,2026-09-03 21:33:13
783,28549,2026-08-20 22:59:04,2026-09-03 22:59:04,canceled,2026-08-27 22:59:04
784,28551,2026-08-20 11:26:27,2026-09-03 11:26:27,converted,2026-09-03 11:26:27
785,28552,2026-08-20 13:25:02,2026-09-03 13:25:02,converted,2026-09-03 13:25:02
786,28553,2026-08-20 19:12:29,2026-09-03 19:12:29,converted,2026-09-03 19:12:29
787,28558,2026-08-21 05:00:11,2026-09-04 05:00:11,canceled,2026-09-03 05:00:11
788,28559,2026-08-21 12:35:05,2026-09-04 12:35:05,converted,2026-09-04 12:35:05
789,28563,2026-08-21 05:08:52,2026-09-04 05:08:52,converted,2026-09-04 05:08:52
790,28564,2026-08-21 20:24:43,2026-09-04 20:24:43,canceled,2026-09-01 20:24:43
791,28565,2026-08-21 04:15:54,2026-09-04 04:15:54,canceled,2026-09-02 04:15:54
792,28566,2026-08-21 17:32:21,2026-09-04 17:32:21,converted,2026-09-04 17:32:21
793,28567,2026-08-21 20:37:16,2026-09-04 20:37:16,converted,2026-09-04 20:37:16
794,28570,2026-08-21 01:51:38,2026-09-04 01:51:38,converted,2026-09-04 01:51:38
795,28572,2026-08-21 17:01:01,2026-09-04 17:01:01,canceled,2026-08-30 17:01:01
796,28573,2026-08-21 09:06:07,2026-09-04 09:06:07,canceled,2026-09-01 09:06:07
797,28574,2026-08-21 15:38:35,2026-09-04 15:38:35,converted,2026-09-04 15:38:35
798,28576,2026-08-21 01:14:11,2026-09-04 01:14:11,converted,2026-09-04 01:14:11
799,28579,2026-08-21 01:00:11,2026-09-04 01:00:11,canceled,2026-08-29 01:00:11
800,28580,2026-08-21 18:46:51,2026-09-04 18:46:51,canceled,2026-08-29 18:46:51
801,28582,2026-08-21 20:33:44,2026-09-04 20:33:44,converted,2026-09-04 20:33:44
802,28586,2026-08-21 03:01:24,2026-09-04 03:01:24,converted,2026-09-04 03:01:24
803,28591,2026-08-21 09:54:28,2026-09-04 09:54:28,canceled,2026-08-27 09:54:28
804,28592,2026-08-21 02:54:21,2026-09-04 02:54:21,canceled,2026-08-25 02:54:21
805,28595,2026-08-21 22:20:59,2026-09-04 22:20:59,converted,2026-09-04 22:20:59
806,28596,2026-08-21 10:18:17,2026-09-04 10:18:17,converted,2026-09-04 10:18:17
807,28599,2026-08-21 07:50:30,2026-09-04 07:50:30,canceled,2026-08-28 07:50:30
808,28600,2026-08-21 12:38:37,2026-09-04 12:38:37,canceled,2026-08-31 12:38:37
809,28602,2026-08-21 03:04:59,2026-09-04 03:04:59,canceled,2026-08-30 03:04:59
810,28603,2026-08-21 14:08:23,2026-09-04 14:08:23,converted,2026-09-04 14:08:23
811,28605,2026-08-21 15:11:44,2026-09-04 15:11:44,converted,2026-09-04 15:11:44
812,28607,2026-08-21 06:45:21,2026-09-04 06:45:21,canceled,2026-08-29 06:45:21
813,28610,2026-08-21 09:52:42,2026-09-04 09:52:42,canceled,2026-08-29 09:52:42
814,28613,2026-08-21 20:28:33,2026-09-04 20:28:33,converted,2026-09-04 20:28:33
815,28615,2026-08-21 05:42:51,2026-09-04 05:42:51,canceled,2026-08-31 05:42:51
816,28618,2026-08-21 16:11:46,2026-09-04 16:11:46,canceled,2026-08-29 16:11:46
817,28619,2026-08-21 17:08:18,2026-09-04 17:08:18,canceled,2026-09-01 17:08:18
818,28623,2026-08-21 08:20:17,2026-09-04 08:20:17,converted,2026-09-04 08:20:17
819,28624,2026-08-21 11:42:15,2026-09-04 11:42:15,canceled,2026-08-25 11:42:15
820,28625,2026-08-21 07:57:53,2026-09-04 07:57:53,canceled,2026-09-03 07:57:53
821,28627,2026-08-21 20:20:36,2026-09-04 20:20:36,converted,2026-09-04 20:20:36
822,28630,2026-08-21 11:30:23,2026-09-04 11:30:23,converted,2026-09-04 11:30:23
823,28634,2026-08-21 06:03:01,2026-09-04 06:03:01,converted,2026-09-04 06:03:01
824,28636,2026-08-22 21:41:40,2026-09-05 21:41:40,canceled,2026-08-30 21:41:40
825,28638,2026-08-22 10:58:59,2026-09-05 10:58:59,canceled,2026-08-27 10:58:59
826,28639,2026-08-22 15:09:25,2026-09-05 15:09:25,canceled,2026-08-30 15:09:25
827,28640,2026-08-22 21:59:30,2026-09-05 21:59:30,converted,2026-09-05 21:59:30
828,28643,2026-08-22 13:58:21,2026-09-05 13:58:21,canceled,2026-08-28 13:58:21
829,28644,2026-08-22 17:07:55,2026-09-05 17:07:55,canceled,2026-09-04 17:07:55
830,28647,2026-08-22 09:32:59,2026-09-05 09:32:59,converted,2026-09-05 09:32:59
831,28648,2026-08-22 05:18:52,2026-09-05 05:18:52,converted,2026-09-05 05:18:52
832,28649,2026-08-22 09:37:41,2026-09-05 09:37:41,canceled,2026-08-31 09:37:41
833,28650,2026-08-22 08:26:59,2026-09-05 08:26:59,canceled,2026-08-30 08:26:59
834,28653,2026-08-22 06:40:57,2026-09-05 06:40:57,converted,2026-09-05 06:40:57
835,28654,2026-08-22 21:52:38,2026-09-05 21:52:38,canceled,2026-08-29 21:52:38
836,28656,2026-08-22 02:08:20,2026-09-05 02:08:20,canceled,2026-08-26 02:08:20
837,28658,2026-08-22 21:44:36,2026-09-05 21:44:36,canceled,2026-09-04 21:44:36
838,28659,2026-08-22 04:36:19,2026-09-05 04:36:19,canceled,2026-08-26 04:36:19
839,28661,2026-08-22 10:30:53,2026-09-05 10:30:53,converted,2026-09-05 10:30:53
840,28664,2026-08-22 12:14:20,2026-09-05 12:14:20,converted,2026-09-05 12:14:20
841,28671,2026-08-22 06:13:53,2026-09-05 06:13:53,canceled,2026-08-27 06:13:53
842,28673,2026-08-22 08:05:27,2026-09-05 08:05:27,converted,2026-09-05 08:05:27
843,28675,2026-08-22 05:28:56,2026-09-05 05:28:56,converted,2026-09-05 05:28:56
844,28677,2026-08-22 12:55:02,2026-09-05 12:55:02,canceled,2026-08-29 12:55:02
845,28678,2026-08-22 05:01:31,2026-09-05 05:01:31,converted,2026-09-05 05:01:31
846,28688,2026-08-22 08:43:33,2026-09-05 08:43:33,converted,2026-09-05 08:43:33
847,28689,2026-08-22 21:42:17,2026-09-05 21:42:17,canceled,2026-08-29 21:42:17
848,28691,2026-08-22 04:16:48,2026-09-05 04:16:48,canceled,2026-09-01 04:16:48
849,28693,2026-08-22 15:14:32,2026-09-05 15:14:32,converted,2026-09-05 15:14:32
850,28696,2026-08-22 21:18:09,2026-09-05 21:18:09,canceled,2026-09-04 21:18:09
851,28699,2026-08-22 17:30:43,2026-09-05 17:30:43,converted,2026-09-05 17:30:43
852,28702,2026-08-22 02:09:27,2026-09-05 02:09:27,converted,2026-09-05 02:09:27
853,28703,2026-08-22 08:55:30,2026-09-05 08:55:30,canceled,2026-08-26 08:55:30
854,28706,2026-08-22 00:21:34,2026-09-05 00:21:34,converted,2026-09-05 00:21:34
855,28708,2026-08-23 11:43:44,2026-09-06 11:43:44,canceled,2026-09-02 11:43:44
856,28709,2026-08-23 13:53:00,2026-09-06 13:53:00,canceled,2026-09-05 13:53:00
857,28716,2026-08-23 10:46:40,2026-09-06 10:46:40,canceled,2026-08-27 10:46:40
858,28718,2026-08-23 23:58:24,2026-09-06 23:58:24,converted,2026-09-06 23:58:24
859,28719,2026-08-23 04:28:03,2026-09-06 04:28:03,converted,2026-09-06 04:28:03
860,28721,2026-08-23 11:23:38,2026-09-06 11:23:38,canceled,2026-08-28 11:23:38
861,28722,2026-08-23 04:51:01,2026-09-06 04:51:01,converted,2026-09-06 04:51:01
862,28723,2026-08-23 14:49:15,2026-09-06 14:49:15,converted,2026-09-06 14:49:15
863,28725,2026-08-23 03:58:24,2026-09-06 03:58:24,canceled,2026-08-29 03:58:24
864,28729,2026-08-23 08:19:17,2026-09-06 08:19:17,canceled,2026-09-05 08:19:17
865,28730,2026-08-23 08:20:23,2026-09-06 08:20:23,canceled,2026-08-30 08:20:23
866,28731,2026-08-23 01:59:29,2026-09-06 01:59:29,converted,2026-09-06 01:59:29
867,28734,2026-08-23 00:25:32,2026-09-06 00:25:32,converted,2026-09-06 00:25:32
868,28738,2026-08-23 11:05:12,2026-09-06 11:05:12,converted,2026-09-06 11:05:12
869,28739,2026-08-23 14:28:39,2026-09-06 14:28:39,converted,2026-09-06 14:28:39
870,28743,2026-08-23 16:59:05,2026-09-06 16:59:05,converted,2026-09-06 16:59:05
871,28745,2026-08-23 17:47:28,2026-09-06 17:47:28,converted,2026-09-06 17:47:28
872,28749,2026-08-23 03:59:01,2026-09-06 03:59:01,converted,2026-09-06 03:59:01
873,28750,2026-08-23 21:41:52,2026-09-06 21:41:52,canceled,2026-08-28 21:41:52
874,28752,2026-08-23 21:17:18,2026-09-06 21:17:18,canceled,2026-08-30 21:17:18
875,28753,2026-08-23 05:04:00,2026-09-06 05:04:00,canceled,2026-08-30 05:04:00
876,28758,2026-08-23 04:28:59,2026-09-06 04:28:59,converted,2026-09-06 04:28:59
877,28759,2026-08-23 00:25:39,2026-09-06 00:25:39,canceled,2026-09-05 00:25:39
878,28761,2026-08-23 22:33:17,2026-09-06 22:33:17,canceled,2026-09-05 22:33:17
879,28762,2026-08-23 15:19:50,2026-09-06 15:19:50,converted,2026-09-06 15:19:50
880,28763,2026-08-23 04:45:56,2026-09-06 04:45:56,converted,2026-09-06 04:45:56
881,28765,2026-08-23 03:03:41,2026-09-06 03:03:41,canceled,2026-09-02 03:03:41
882,28766,2026-08-23 22:40:57,2026-09-06 22:40:57,canceled,2026-09-01 22:40:57
883,28767,2026-08-23 10:04:14,2026-09-06 10:04:14,converted,2026-09-06 10:04:14
884,28768,2026-08-23 15:09:32,2026-09-06 15:09:32,converted,2026-09-06 15:09:32
885,28770,2026-08-23 04:52:27,2026-09-06 04:52:27,canceled,2026-08-31 04:52:27
886,28772,2026-08-24 10:08:06,2026-09-07 10:08:06,converted,2026-09-07 10:08:06
887,28776,2026-08-24 17:45:53,2026-09-07 17:45:53,converted,2026-09-07 17:45:53
888,28778,2026-08-24 03:10:47,2026-09-07 03:10:47,converted,2026-09-07 03:10:47
889,28779,2026-08-24 01:08:17,2026-09-07 01:08:17,converted,2026-09-07 01:08:17
890,28780,2026-08-24 10:38:16,2026-09-07 10:38:16,converted,2026-09-07 10:38:16
891,28781,2026-08-24 14:17:47,2026-09-07 14:17:47,converted,2026-09-07 14:17:47
892,28784,2026-08-24 03:39:45,2026-09-07 03:39:45,converted,2026-09-07 03:39:45
893,28787,2026-08-24 10:58:53,2026-09-07 10:58:53,converted,2026-09-07 10:58:53
894,28788,2026-08-24 14:28:22,2026-09-07 14:28:22,converted,2026-09-07 14:28:22
895,28792,2026-08-24 11:57:01,2026-09-07 11:57:01,converted,2026-09-07 11:57:01
896,28793,2026-08-24 22:42:50,2026-09-07 22:42:50,canceled,2026-08-30 22:42:50
897,28795,2026-08-24 22:15:56,2026-09-07 22:15:56,canceled,2026-09-03 22:15:56
898,28796,2026-08-24 15:29:48,2026-09-07 15:29:48,converted,2026-09-07 15:29:48
899,28797,2026-08-24 14:37:43,2026-09-07 14:37:43,converted,2026-09-07 14:37:43
900,28804,2026-08-24 21:41:43,2026-09-07 21:41:43,converted,2026-09-07 21:41:43
901,28808,2026-08-24 17:29:44,2026-09-07 17:29:44,converted,2026-09-07 17:29:44
902,28810,2026-08-24 15:20:28,2026-09-07 15:20:28,canceled,2026-09-01 15:20:28
903,28814,2026-08-24 21:43:27,2026-09-07 21:43:27,converted,2026-09-07 21:43:27
904,28816,2026-08-24 03:24:34,2026-09-07 03:24:34,canceled,2026-09-05 03:24:34
905,28818,2026-08-24 23:47:25,2026-09-07 23:47:25,canceled,2026-08-30 23:47:25
906,28822,2026-08-24 16:55:13,2026-09-07 16:55:13,converted,2026-09-07 16:55:13
907,28826,2026-08-24 21:35:54,2026-09-07 21:35:54,converted,2026-09-07 21:35:54
908,28827,2026-08-24 03:58:25,2026-09-07 03:58:25,canceled,2026-08-29 03:58:25
909,28828,2026-08-24 16:27:50,2026-09-07 16:27:50,canceled,2026-08-29 16:27:50
910,28829,2026-08-24 18:50:00,2026-09-07 18:50:00,canceled,2026-09-04 18:50:00
911,28830,2026-08-24 05:54:53,2026-09-07 05:54:53,converted,2026-09-07 05:54:53
912,28831,2026-08-24 06:25:52,2026-09-07 06:25:52,canceled,2026-08-30 06:25:52
913,28833,2026-08-24 08:08:22,2026-09-07 08:08:22,canceled,2026-09-02 08:08:22
914,28836,2026-08-24 04:37:21,2026-09-07 04:37:21,canceled,2026-09-05 04:37:21
915,28838,2026-08-24 07:44:08,2026-09-07 07:44:08,canceled,2026-08-29 07:44:08
916,28839,2026-08-24 14:50:19,2026-09-07 14:50:19,converted,2026-09-07 14:50:19
917,28841,2026-08-24 08:25:27,2026-09-07 08:25:27,canceled,2026-08-28 08:25:27
918,28842,2026-08-24 19:15:16,2026-09-07 19:15:16,canceled,2026-08-31 19:15:16
919,28843,2026-08-24 23:40:31,2026-09-07 23:40:31,converted,2026-09-07 23:40:31
920,28844,2026-08-24 16:17:51,2026-09-07 16:17:51,converted,2026-09-07 16:17:51
921,28845,2026-08-24 07:15:57,2026-09-07 07:15:57,canceled,2026-09-06 07:15:57
922,28847,2026-08-24 00:01:11,2026-09-07 00:01:11,canceled,2026-09-04 00:01:11
923,28849,2026-08-24 17:30:48,2026-09-07 17:30:48,converted,2026-09-07 17:30:48
924,28850,2026-08-24 02:15:24,2026-09-07 02:15:24,canceled,2026-08-30 02:15:24
925,28852,2026-08-24 10:56:53,2026-09-07 10:56:53,canceled,2026-08-31 10:56:53
926,28859,2026-08-25 15:37:05,2026-09-08 15:37:05,converted,2026-09-08 15:37:05
927,28860,2026-08-25 13:19:42,2026-09-08 13:19:42,converted,2026-09-08 13:19:42
928,28861,2026-08-25 00:07:42,2026-09-08 00:07:42,converted,2026-09-08 00:07:42
929,28862,2026-08-25 10:04:30,2026-09-08 10:04:30,canceled,2026-09-06 10:04:30
930,28865,2026-08-25 01:29:17,2026-09-08 01:29:17,converted,2026-09-08 01:29:17
931,28868,2026-08-25 08:19:40,2026-09-08 08:19:40,canceled,2026-09-01 08:19:40
932,28869,2026-08-25 15:47:30,2026-09-08 15:47:30,converted,2026-09-08 15:47:30
933,28871,2026-08-25 19:33:15,2026-09-08 19:33:15,converted,2026-09-08 19:33:15
934,28875,2026-08-25 04:20:35,2026-09-08 04:20:35,canceled,2026-08-31 04:20:35
935,28878,2026-08-25 19:56:08,2026-09-08 19:56:08,canceled,2026-08-29 19:56:08
936,28879,2026-08-25 19:50:41,2026-09-08 19:50:41,canceled,2026-09-06 19:50:41
937,28880,2026-08-25 12:01:24,2026-09-08 12:01:24,canceled,2026-09-04 12:01:24
938,28883,2026-08-25 04:10:38,2026-09-08 04:10:38,converted,2026-09-08 04:10:38
939,28884,2026-08-25 22:24:52,2026-09-08 22:24:52,converted,2026-09-08 22:24:52
940,28886,2026-08-25 00:59:12,2026-09-08 00:59:12,canceled,2026-09-03 00:59:12
941,28887,2026-08-25 16:51:40,2026-09-08 16:51:40,canceled,2026-09-07 16:51:40
942,28889,2026-08-25 21:09:01,2026-09-08 21:09:01,converted,2026-09-08 21:09:01
943,28891,2026-08-25 18:33:18,2026-09-08 18:33:18,canceled,2026-08-31 18:33:18
944,28899,2026-08-25 16:34:50,2026-09-08 16:34:50,converted,2026-09-08 16:34:50
945,28900,2026-08-25 12:45:26,2026-09-08 12:45:26,converted,2026-09-08 12:45:26
946,28901,2026-08-25 22:14:13,2026-09-08 22:14:13,canceled,2026-09-04 22:14:13
947,28903,2026-08-25 13:55:38,2026-09-08 13:55:38,canceled,2026-09-02 13:55:38
948,28906,2026-08-25 16:39:51,2026-09-08 16:39:51,converted,2026-09-08 16:39:51
949,28907,2026-08-25 19:51:47,2026-09-08 19:51:47,canceled,2026-09-01 19:51:47
950,28909,2026-08-25 23:38:52,2026-09-08 23:38:52,converted,2026-09-08 23:38:52
951,28910,2026-08-25 13:24:15,2026-09-08 13:24:15,canceled,2026-09-07 13:24:15
952,28911,2026-08-25 23:30:51,2026-09-08 23:30:51,converted,2026-09-08 23:30:51
953,28913,2026-08-25 00:00:44,2026-09-08 00:00:44,converted,2026-09-08 00:00:44
954,28916,2026-08-25 04:11:03,2026-09-08 04:11:03,canceled,2026-09-05 04:11:03
955,28918,2026-08-25 03:49:25,2026-09-08 03:49:25,converted,2026-09-08 03:49:25
956,28919,2026-08-25 00:14:54,2026-09-08 00:14:54,canceled,2026-09-06 00:14:54
957,28920,2026-08-25 11:11:03,2026-09-08 11:11:03,converted,2026-09-08 11:11:03
958,28922,2026-08-25 09:02:15,2026-09-08 09:02:15,converted,2026-09-08 09:02:15
959,28923,2026-08-25 13:17:03,2026-09-08 13:17:03,canceled,2026-09-03 13:17:03
960,28926,2026-08-26 20:55:44,2026-09-09 20:55:44,converted,2026-09-09 20:55:44
961,28927,2026-08-26 12:19:26,2026-09-09 12:19:26,canceled,2026-09-08 12:19:26
962,28930,2026-08-26 22:48:03,2026-09-09 22:48:03,canceled,2026-09-04 22:48:03
963,28931,2026-08-26 21:43:24,2026-09-09 21:43:24,canceled,2026-08-30 21:43:24
964,28932,2026-08-26 18:36:48,2026-09-09 18:36:48,canceled,2026-09-06 18:36:48
965,28933,2026-08-26 09:41:25,2026-09-09 09:41:25,converted,2026-09-09 09:41:25
966,28934,2026-08-26 08:07:49,2026-09-09 08:07:49,canceled,2026-09-02 08:07:49
967,28935,2026-08-26 08:13:29,2026-09-09 08:13:29,canceled,2026-09-02 08:13:29
968,28936,2026-08-26 05:15:56,2026-09-09 05:15:56,converted,2026-09-09 05:15:56
969,28937,2026-08-26 05:36:17,2026-09-09 05:36:17,converted,2026-09-09 05:36:17
970,28939,2026-08-26 14:31:05,2026-09-09 14:31:05,converted,2026-09-09 14:31:05
971,28942,2026-08-26 23:42:44,2026-09-09 23:42:44,converted,2026-09-09 23:42:44
972,28943,2026-08-26 00:43:01,2026-09-09 00:43:01,canceled,2026-09-04 00:43:01
973,28946,2026-08-26 22:59:16,2026-09-09 22:59:16,canceled,2026-09-03 22:59:16
974,28947,2026-08-26 02:04:14,2026-09-09 02:04:14,converted,2026-09-09 02:04:14
975,28949,2026-08-26 09:44:35,2026-09-09 09:44:35,canceled,2026-08-30 09:44:35
976,28950,2026-08-26 02:16:25,2026-09-09 02:16:25,converted,2026-09-09 02:16:25
977,28951,2026-08-26 14:29:28,2026-09-09 14:29:28,converted,2026-09-09 14:29:28
978,28954,2026-08-26 14:01:13,2026-09-09 14:01:13,converted,2026-09-09 14:01:13
979,28956,2026-08-26 00:39:53,2026-09-09 00:39:53,canceled,2026-09-07 00:39:53
980,28961,2026-08-26 16:16:33,2026-09-09 16:16:33,canceled,2026-08-30 16:16:33
981,28963,2026-08-26 09:08:40,2026-09-09 09:08:40,converted,2026-09-09 09:08:40
982,28966,2026-08-26 16:37:37,2026-09-09 16:37:37,canceled,2026-08-31 16:37:37
983,28969,2026-08-26 09:52:29,2026-09-09 09:52:29,converted,2026-09-09 09:52:29
984,28970,2026-08-26 22:25:01,2026-09-09 22:25:01,canceled,2026-09-04 22:25:01
985,28971,2026-08-26 04:32:17,2026-09-09 04:32:17,canceled,2026-09-03 04:32:17
986,28975,2026-08-26 23:22:09,2026-09-09 23:22:09,converted,2026-09-09 23:22:09
987,28976,2026-08-26 19:44:07,2026-09-09 19:44:07,converted,2026-09-09 19:44:07
988,28977,2026-08-26 13:41:08,2026-09-09 13:41:08,canceled,2026-09-02 13:41:08
989,28979,2026-08-26 23:22:40,2026-09-09 23:22:40,converted,2026-09-09 23:22:40
990,28980,2026-08-26 03:17:46,2026-09-09 03:17:46,converted,2026-09-09 03:17:46
991,28983,2026-08-26 22:48:04,2026-09-09 22:48:04,canceled,2026-09-02 22:48:04
992,28984,2026-08-26 11:21:01,2026-09-09 11:21:01,canceled,2026-09-02 11:21:01
993,28987,2026-08-26 09:48:56,2026-09-09 09:48:56,converted,2026-09-09 09:48:56
994,28988,2026-08-26 13:12:31,2026-09-09 13:12:31,canceled,2026-09-01 13:12:31
995,28993,2026-08-27 06:49:54,2026-09-10 06:49:54,converted,2026-09-10 06:49:54
996,28997,2026-08-27 19:46:54,2026-09-10 19:46:54,canceled,2026-09-02 19:46:54
997,29000,2026-08-27 12:29:51,2026-09-10 12:29:51,converted,2026-09-10 12:29:51
998,29001,2026-08-27 19:18:44,2026-09-10 19:18:44,canceled,2026-09-03 19:18:44
999,29002,2026-08-27 12:50:28,2026-09-10 12:50:28,converted,2026-09-10 12:50:28
1000,29003,2026-08-27 17:07:29,2026-09-10 17:07:29,converted,2026-09-10 17:07:29
1001,29005,2026-08-27 06:47:58,2026-09-10 06:47:58,canceled,2026-09-04 06:47:58
1002,29006,2026-08-27 12:36:44,2026-09-10 12:36:44,converted,2026-09-10 12:36:44
1003,29007,2026-08-27 13:46:27,2026-09-10 13:46:27,canceled,2026-09-05 13:46:27
1004,29009,2026-08-27 03:35:57,2026-09-10 03:35:57,converted,2026-09-10 03:35:57
1005,29015,2026-08-27 04:56:59,2026-09-10 04:56:59,canceled,2026-09-07 04:56:59
1006,29016,2026-08-27 14:58:35,2026-09-10 14:58:35,converted,2026-09-10 14:58:35
1007,29017,2026-08-27 19:53:38,2026-09-10 19:53:38,converted,2026-09-10 19:53:38
1008,29019,2026-08-27 22:38:19,2026-09-10 22:38:19,canceled,2026-09-06 22:38:19
1009,29020,2026-08-27 17:40:20,2026-09-10 17:40:20,canceled,2026-08-31 17:40:20
1010,29021,2026-08-27 13:34:22,2026-09-10 13:34:22,converted,2026-09-10 13:34:22
1011,29022,2026-08-27 03:43:20,2026-09-10 03:43:20,canceled,2026-09-02 03:43:20
1012,29023,2026-08-27 01:38:46,2026-09-10 01:38:46,canceled,2026-09-06 01:38:46
1013,29025,2026-08-27 16:14:56,2026-09-10 16:14:56,converted,2026-09-10 16:14:56
1014,29026,2026-08-27 01:22:15,2026-09-10 01:22:15,canceled,2026-09-01 01:22:15
1015,29031,2026-08-27 23:36:47,2026-09-10 23:36:47,converted,2026-09-10 23:36:47
1016,29035,2026-08-27 02:38:31,2026-09-10 02:38:31,converted,2026-09-10 02:38:31
1017,29036,2026-08-27 00:30:40,2026-09-10 00:30:40,canceled,2026-08-31 00:30:40
1018,29038,2026-08-27 03:52:09,2026-09-10 03:52:09,converted,2026-09-10 03:52:09
1019,29039,2026-08-27 14:23:43,2026-09-10 14:23:43,canceled,2026-08-31 14:23:43
1020,29041,2026-08-27 13:46:27,2026-09-10 13:46:27,canceled,2026-09-09 13:46:27
1021,29042,2026-08-27 22:32:57,2026-09-10 22:32:57,converted,2026-09-10 22:32:57
1022,29043,2026-08-27 03:38:22,2026-09-10 03:38:22,canceled,2026-09-07 03:38:22
1023,29046,2026-08-27 17:15:54,2026-09-10 17:15:54,converted,2026-09-10 17:15:54
1024,29047,2026-08-27 11:46:50,2026-09-10 11:46:50,canceled,2026-09-03 11:46:50
1025,29048,2026-08-27 03:52:55,2026-09-10 03:52:55,converted,2026-09-10 03:52:55
1026,29050,2026-08-27 11:00:58,2026-09-10 11:00:58,converted,2026-09-10 11:00:58
1027,29055,2026-08-27 22:42:19,2026-09-10 22:42:19,converted,2026-09-10 22:42:19
1028,29057,2026-08-27 15:16:21,2026-09-10 15:16:21,canceled,2026-09-07 15:16:21
1029,29059,2026-08-27 07:37:07,2026-09-10 07:37:07,canceled,2026-08-31 07:37:07
1030,29062,2026-08-27 23:08:51,2026-09-10 23:08:51,converted,2026-09-10 23:08:51
1031,29066,2026-08-27 11:00:00,2026-09-10 11:00:00,canceled,2026-09-04 11:00:00
1032,29067,2026-08-27 03:29:52,2026-09-10 03:29:52,converted,2026-09-10 03:29:52
1033,29068,2026-08-27 21:21:32,2026-09-10 21:21:32,converted,2026-09-10 21:21:32
1034,29070,2026-08-28 21:50:21,2026-09-11 21:50:21,converted,2026-09-11 21:50:21
1035,29072,2026-08-28 18:43:49,2026-09-11 18:43:49,converted,2026-09-11 18:43:49
1036,29074,2026-08-28 10:27:50,2026-09-11 10:27:50,canceled,2026-09-02 10:27:50
1037,29077,2026-08-28 11:50:18,2026-09-11 11:50:18,converted,2026-09-11 11:50:18
1038,29083,2026-08-28 05:44:30,2026-09-11 05:44:30,canceled,2026-09-01 05:44:30
1039,29086,2026-08-28 08:47:14,2026-09-11 08:47:14,converted,2026-09-11 08:47:14
1040,29089,2026-08-28 18:01:04,2026-09-11 18:01:04,converted,2026-09-11 18:01:04
1041,29091,2026-08-28 10:23:33,2026-09-11 10:23:33,converted,2026-09-11 10:23:33
1042,29092,2026-08-28 06:35:44,2026-09-11 06:35:44,canceled,2026-09-10 06:35:44
1043,29093,2026-08-28 06:20:36,2026-09-11 06:20:36,converted,2026-09-11 06:20:36
1044,29095,2026-08-28 10:29:47,2026-09-11 10:29:47,canceled,2026-09-07 10:29:47
1045,29098,2026-08-28 10:05:07,2026-09-11 10:05:07,canceled,2026-09-08 10:05:07
1046,29104,2026-08-28 03:50:44,2026-09-11 03:50:44,canceled,2026-09-04 03:50:44
1047,29106,2026-08-28 19:09:17,2026-09-11 19:09:17,canceled,2026-09-10 19:09:17
1048,29109,2026-08-28 04:05:06,2026-09-11 04:05:06,converted,2026-09-11 04:05:06
1049,29114,2026-08-28 01:12:01,2026-09-11 01:12:01,canceled,2026-09-07 01:12:01
1050,29115,2026-08-28 17:27:35,2026-09-11 17:27:35,converted,2026-09-11 17:27:35
1051,29118,2026-08-28 09:28:28,2026-09-11 09:28:28,canceled,2026-09-04 09:28:28
1052,29121,2026-08-28 09:06:08,2026-09-11 09:06:08,converted,2026-09-11 09:06:08
1053,29122,2026-08-28 02:54:47,2026-09-11 02:54:47,converted,2026-09-11 02:54:47
1054,29123,2026-08-28 04:21:16,2026-09-11 04:21:16,canceled,2026-09-07 04:21:16
1055,29125,2026-08-28 02:21:49,2026-09-11 02:21:49,converted,2026-09-11 02:21:49
1056,29127,2026-08-28 13:06:00,2026-09-11 13:06:00,converted,2026-09-11 13:06:00
1057,29129,2026-08-28 06:45:58,2026-09-11 06:45:58,canceled,2026-09-10 06:45:58
1058,29130,2026-08-28 16:28:47,2026-09-11 16:28:47,converted,2026-09-11 16:28:47
1059,29132,2026-08-28 01:11:41,2026-09-11 01:11:41,converted,2026-09-11 01:11:41
1060,29133,2026-08-28 11:04:10,2026-09-11 11:04:10,converted,2026-09-11 11:04:10
1061,29135,2026-08-28 05:39:22,2026-09-11 05:39:22,canceled,2026-09-01 05:39:22
1062,29136,2026-08-28 09:36:00,2026-09-11 09:36:00,converted,2026-09-11 09:36:00
1063,29138,2026-08-28 09:03:13,2026-09-11 09:03:13,converted,2026-09-11 09:03:13
1064,29140,2026-08-29 17:52:47,2026-09-12 17:52:47,converted,2026-09-12 17:52:47
1065,29141,2026-08-29 05:36:13,2026-09-12 05:36:13,converted,2026-09-12 05:36:13
1066,29145,2026-08-29 05:53:49,2026-09-12 05:53:49,canceled,2026-09-05 05:53:49
1067,29146,2026-08-29 16:57:14,2026-09-12 16:57:14,converted,2026-09-12 16:57:14
1068,29147,2026-08-29 07:39:32,2026-09-12 07:39:32,converted,2026-09-12 07:39:32
1069,29149,2026-08-29 21:49:38,2026-09-12 21:49:38,converted,2026-09-12 21:49:38
1070,29151,2026-08-29 21:42:57,2026-09-12 21:42:57,converted,2026-09-12 21:42:57
1071,29153,2026-08-29 17:20:42,2026-09-12 17:20:42,converted,2026-09-12 17:20:42
1072,29154,2026-08-29 02:28:07,2026-09-12 02:28:07,canceled,2026-09-06 02:28:07
1073,29156,2026-08-29 09:43:52,2026-09-12 09:43:52,canceled,2026-09-10 09:43:52
1074,29157,2026-08-29 11:13:45,2026-09-12 11:13:45,converted,2026-09-12 11:13:45
1075,29158,2026-08-29 13:15:41,2026-09-12 13:15:41,converted,2026-09-12 13:15:41
1076,29159,2026-08-29 00:33:57,2026-09-12 00:33:57,canceled,2026-09-10 00:33:57
1077,29160,2026-08-29 18:46:20,2026-09-12 18:46:20,converted,2026-09-12 18:46:20
1078,29161,2026-08-29 16:07:02,2026-09-12 16:07:02,canceled,2026-09-05 16:07:02
1079,29162,2026-08-29 13:35:53,2026-09-12 13:35:53,converted,2026-09-12 13:35:53
1080,29163,2026-08-29 08:15:13,2026-09-12 08:15:13,canceled,2026-09-11 08:15:13
1081,29164,2026-08-29 22:49:20,2026-09-12 22:49:20,canceled,2026-09-09 22:49:20
1082,29169,2026-08-29 17:22:54,2026-09-12 17:22:54,converted,2026-09-12 17:22:54
1083,29170,2026-08-29 15:06:48,2026-09-12 15:06:48,converted,2026-09-12 15:06:48
1084,29172,2026-08-29 11:31:56,2026-09-12 11:31:56,converted,2026-09-12 11:31:56
1085,29173,2026-08-29 07:35:49,2026-09-12 07:35:49,converted,2026-09-12 07:35:49
1086,29174,2026-08-29 14:27:35,2026-09-12 14:27:35,canceled,2026-09-08 14:27:35
1087,29178,2026-08-29 13:18:11,2026-09-12 13:18:11,canceled,2026-09-11 13:18:11
1088,29180,2026-08-29 09:28:33,2026-09-12 09:28:33,converted,2026-09-12 09:28:33
1089,29182,2026-08-29 03:16:39,2026-09-12 03:16:39,canceled,2026-09-04 03:16:39
1090,29184,2026-08-29 22:41:57,2026-09-12 22:41:57,canceled,2026-09-08 22:41:57
1091,29186,2026-08-29 15:40:23,2026-09-12 15:40:23,canceled,2026-09-03 15:40:23
1092,29187,2026-08-29 09:38:02,2026-09-12 09:38:02,converted,2026-09-12 09:38:02
1093,29189,2026-08-29 00:13:19,2026-09-12 00:13:19,canceled,2026-09-11 00:13:19
1094,29191,2026-08-29 07:38:17,2026-09-12 07:38:17,canceled,2026-09-08 07:38:17
1095,29194,2026-08-29 02:37:35,2026-09-12 02:37:35,canceled,2026-09-11 02:37:35
1096,29197,2026-08-29 15:47:11,2026-09-12 15:47:11,converted,2026-09-12 15:47:11
1097,29200,2026-08-29 12:43:19,2026-09-12 12:43:19,converted,2026-09-12 12:43:19
1098,29201,2026-08-29 18:11:32,2026-09-12 18:11:32,canceled,2026-09-09 18:11:32
1099,29203,2026-08-29 12:28:44,2026-09-12 12:28:44,canceled,2026-09-08 12:28:44
1100,29211,2026-08-29 14:55:48,2026-09-12 14:55:48,canceled,2026-09-08 14:55:48
1101,29213,2026-08-29 21:55:00,2026-09-12 21:55:00,converted,2026-09-12 21:55:00
1102,29215,2026-08-30 23:53:32,2026-09-13 23:53:32,converted,2026-09-13 23:53:32
1103,29217,2026-08-30 06:04:09,2026-09-13 06:04:09,converted,2026-09-13 06:04:09
1104,29218,2026-08-30 10:58:46,2026-09-13 10:58:46,converted,2026-09-13 10:58:46
1105,29219,2026-08-30 15:13:06,2026-09-13 15:13:06,canceled,2026-09-05 15:13:06
1106,29220,2026-08-30 16:00:56,2026-09-13 16:00:56,canceled,2026-09-06 16:00:56
1107,29221,2026-08-30 17:42:54,2026-09-13 17:42:54,converted,2026-09-13 17:42:54
1108,29222,2026-08-30 15:23:06,2026-09-13 15:23:06,canceled,2026-09-11 15:23:06
1109,29224,2026-08-30 08:20:29,2026-09-13 08:20:29,canceled,2026-09-11 08:20:29
1110,29225,2026-08-30 21:02:30,2026-09-13 21:02:30,canceled,2026-09-10 21:02:30
1111,29226,2026-08-30 06:07:16,2026-09-13 06:07:16,canceled,2026-09-10 06:07:16
1112,29228,2026-08-30 09:36:58,2026-09-13 09:36:58,converted,2026-09-13 09:36:58
1113,29230,2026-08-30 16:41:59,2026-09-13 16:41:59,canceled,2026-09-06 16:41:59
1114,29231,2026-08-30 11:17:50,2026-09-13 11:17:50,canceled,2026-09-10 11:17:50
1115,29233,2026-08-30 01:07:11,2026-09-13 01:07:11,canceled,2026-09-12 01:07:11
1116,29234,2026-08-30 03:23:09,2026-09-13 03:23:09,converted,2026-09-13 03:23:09
1117,29235,2026-08-30 03:39:59,2026-09-13 03:39:59,converted,2026-09-13 03:39:59
1118,29240,2026-08-30 19:55:13,2026-09-13 19:55:13,canceled,2026-09-12 19:55:13
1119,29242,2026-08-30 04:56:54,2026-09-13 04:56:54,canceled,2026-09-05 04:56:54
1120,29249,2026-08-30 07:17:41,2026-09-13 07:17:41,converted,2026-09-13 07:17:41
1121,29250,2026-08-30 23:52:13,2026-09-13 23:52:13,converted,2026-09-13 23:52:13
1122,29252,2026-08-30 17:43:52,2026-09-13 17:43:52,canceled,2026-09-07 17:43:52
1123,29253,2026-08-30 17:39:43,2026-09-13 17:39:43,canceled,2026-09-04 17:39:43
1124,29256,2026-08-30 17:08:20,2026-09-13 17:08:20,canceled,2026-09-10 17:08:20
1125,29257,2026-08-30 06:12:19,2026-09-13 06:12:19,converted,2026-09-13 06:12:19
1126,29258,2026-08-30 17:42:50,2026-09-13 17:42:50,converted,2026-09-13 17:42:50
1127,29259,2026-08-30 16:11:42,2026-09-13 16:11:42,converted,2026-09-13 16:11:42
1128,29260,2026-08-30 08:04:49,2026-09-13 08:04:49,converted,2026-09-13 08:04:49
1129,29266,2026-08-30 02:16:30,2026-09-13 02:16:30,converted,2026-09-13 02:16:30
1130,29270,2026-08-30 16:04:51,2026-09-13 16:04:51,converted,2026-09-13 16:04:51
1131,29271,2026-08-30 16:21:50,2026-09-13 16:21:50,converted,2026-09-13 16:21:50
1132,29272,2026-08-30 14:06:05,2026-09-13 14:06:05,canceled,2026-09-04 14:06:05
1133,29273,2026-08-30 13:36:56,2026-09-13 13:36:56,canceled,2026-09-12 13:36:56
1134,29275,2026-08-30 22:50:41,2026-09-13 22:50:41,canceled,2026-09-07 22:50:41
1135,29277,2026-08-30 00:08:57,2026-09-13 00:08:57,converted,2026-09-13 00:08:57
1136,29278,2026-08-30 01:05:28,2026-09-13 01:05:28,canceled,2026-09-10 01:05:28
1137,29282,2026-08-30 22:36:38,2026-09-13 22:36:38,canceled,2026-09-07 22:36:38
1138,29285,2026-08-30 18:55:34,2026-09-13 18:55:34,canceled,2026-09-12 18:55:34
1139,29286,2026-08-30 04:25:00,2026-09-13 04:25:00,converted,2026-09-13 04:25:00
1140,29288,2026-08-30 16:11:29,2026-09-13 16:11:29,canceled,2026-09-12 16:11:29
1141,29292,2026-08-31 17:38:32,2026-09-14 17:38:32,converted,2026-09-14 17:38:32
1142,29294,2026-08-31 02:39:07,2026-09-14 02:39:07,canceled,2026-09-09 02:39:07
1143,29297,2026-08-31 01:35:57,2026-09-14 01:35:57,converted,2026-09-14 01:35:57
1144,29298,2026-08-31 03:36:13,2026-09-14 03:36:13,converted,2026-09-14 03:36:13
1145,29302,2026-08-31 02:18:41,2026-09-14 02:18:41,canceled,2026-09-07 02:18:41
1146,29303,2026-08-31 18:30:07,2026-09-14 18:30:07,canceled,2026-09-13 18:30:07
1147,29304,2026-08-31 02:19:05,2026-09-14 02:19:05,canceled,2026-09-04 02:19:05
1148,29305,2026-08-31 12:28:22,2026-09-14 12:28:22,converted,2026-09-14 12:28:22
1149,29308,2026-08-31 20:36:24,2026-09-14 20:36:24,converted,2026-09-14 20:36:24
1150,29311,2026-08-31 23:11:27,2026-09-14 23:11:27,canceled,2026-09-10 23:11:27
1151,29312,2026-08-31 08:39:41,2026-09-14 08:39:41,canceled,2026-09-11 08:39:41
1152,29315,2026-08-31 18:30:07,2026-09-14 18:30:07,converted,2026-09-14 18:30:07
1153,29317,2026-08-31 18:18:20,2026-09-14 18:18:20,canceled,2026-09-11 18:18:20
1154,29319,2026-08-31 13:21:42,2026-09-14 13:21:42,converted,2026-09-14 13:21:42
1155,29320,2026-08-31 22:45:11,2026-09-14 22:45:11,converted,2026-09-14 22:45:11
1156,29321,2026-08-31 05:59:51,2026-09-14 05:59:51,canceled,2026-09-05 05:59:51
1157,29323,2026-08-31 02:20:05,2026-09-14 02:20:05,canceled,2026-09-10 02:20:05
1158,29326,2026-08-31 03:23:34,2026-09-14 03:23:34,canceled,2026-09-08 03:23:34
1159,29329,2026-08-31 02:59:07,2026-09-14 02:59:07,canceled,2026-09-09 02:59:07
1160,29330,2026-08-31 11:01:59,2026-09-14 11:01:59,canceled,2026-09-11 11:01:59
1161,29332,2026-08-31 12:25:52,2026-09-14 12:25:52,converted,2026-09-14 12:25:52
1162,29333,2026-08-31 14:06:34,2026-09-14 14:06:34,converted,2026-09-14 14:06:34
1163,29334,2026-08-31 22:19:32,2026-09-14 22:19:32,converted,2026-09-14 22:19:32
1164,29335,2026-08-31 04:35:58,2026-09-14 04:35:58,canceled,2026-09-06 04:35:58
1165,29336,2026-08-31 14:35:08,2026-09-14 14:35:08,canceled,2026-09-10 14:35:08
1166,29337,2026-08-31 20:32:45,2026-09-14 20:32:45,converted,2026-09-14 20:32:45
1167,29341,2026-08-31 04:14:17,2026-09-14 04:14:17,canceled,2026-09-13 04:14:17
1168,29342,2026-08-31 21:16:23,2026-09-14 21:16:23,canceled,2026-09-06 21:16:23
1169,29343,2026-08-31 09:34:27,2026-09-14 09:34:27,converted,2026-09-14 09:34:27
1170,29344,2026-08-31 17:53:36,2026-09-14 17:53:36,canceled,2026-09-13 17:53:36
1171,29345,2026-08-31 09:09:09,2026-09-14 09:09:09,converted,2026-09-14 09:09:09
1172,29347,2026-08-31 22:46:25,2026-09-14 22:46:25,canceled,2026-09-05 22:46:25
1173,29349,2026-08-31 09:40:37,2026-09-14 09:40:37,converted,2026-09-14 09:40:37
1174,29352,2026-08-31 23:29:26,2026-09-14 23:29:26,converted,2026-09-14 23:29:26
1175,29353,2026-08-31 14:27:42,2026-09-14 14:27:42,canceled,2026-09-05 14:27:42
1176,29355,2026-08-31 18:04:59,2026-09-14 18:04:59,canceled,2026-09-12 18:04:59
1177,29356,2026-08-31 07:16:23,2026-09-14 07:16:23,converted,2026-09-14 07:16:23
1178,29357,2026-08-31 08:54:47,2026-09-14 08:54:47,converted,2026-09-14 08:54:47
1179,29358,2026-08-31 20:51:19,2026-09-14 20:51:19,converted,2026-09-14 20:51:19
1180,29360,2026-08-31 07:22:29,2026-09-14 07:22:29,converted,2026-09-14 07:22:29
1181,29362,2026-09-01 12:28:16,2026-09-15 12:28:16,canceled,2026-09-13 12:28:16
1182,29364,2026-09-01 04:14:44,2026-09-15 04:14:44,converted,2026-09-15 04:14:44
1183,29365,2026-09-01 10:27:05,2026-09-15 10:27:05,converted,2026-09-15 10:27:05
1184,29371,2026-09-01 01:00:19,2026-09-15 01:00:19,canceled,2026-09-09 01:00:19
1185,29372,2026-09-01 21:33:47,2026-09-15 21:33:47,converted,2026-09-15 21:33:47
1186,29376,2026-09-01 18:33:52,2026-09-15 18:33:52,canceled,2026-09-11 18:33:52
1187,29377,2026-09-01 03:34:02,2026-09-15 03:34:02,canceled,2026-09-09 03:34:02
1188,29379,2026-09-01 22:39:08,2026-09-15 22:39:08,canceled,2026-09-13 22:39:08
1189,29380,2026-09-01 16:19:58,2026-09-15 16:19:58,canceled,2026-09-14 16:19:58
1190,29382,2026-09-01 05:54:33,2026-09-15 05:54:33,converted,2026-09-15 05:54:33
1191,29386,2026-09-01 21:37:10,2026-09-15 21:37:10,converted,2026-09-15 21:37:10
1192,29387,2026-09-01 18:30:06,2026-09-15 18:30:06,converted,2026-09-15 18:30:06
1193,29389,2026-09-01 17:45:19,2026-09-15 17:45:19,canceled,2026-09-12 17:45:19
1194,29391,2026-09-01 19:49:51,2026-09-15 19:49:51,canceled,2026-09-11 19:49:51
1195,29392,2026-09-01 10:15:51,2026-09-15 10:15:51,canceled,2026-09-11 10:15:51
1196,29394,2026-09-01 14:09:21,2026-09-15 14:09:21,canceled,2026-09-10 14:09:21
1197,29395,2026-09-01 00:45:22,2026-09-15 00:45:22,converted,2026-09-15 00:45:22
1198,29396,2026-09-01 16:15:36,2026-09-15 16:15:36,converted,2026-09-15 16:15:36
1199,29402,2026-09-01 15:02:49,2026-09-15 15:02:49,converted,2026-09-15 15:02:49
1200,29403,2026-09-01 00:05:27,2026-09-15 00:05:27,converted,2026-09-15 00:05:27
1201,29404,2026-09-01 14:07:06,2026-09-15 14:07:06,converted,2026-09-15 14:07:06
1202,29405,2026-09-01 15:43:11,2026-09-15 15:43:11,canceled,2026-09-07 15:43:11
1203,29406,2026-09-01 10:24:03,2026-09-15 10:24:03,converted,2026-09-15 10:24:03
1204,29408,2026-09-01 08:46:34,2026-09-15 08:46:34,converted,2026-09-15 08:46:34
1205,29409,2026-09-01 17:01:52,2026-09-15 17:01:52,converted,2026-09-15 17:01:52
1206,29410,2026-09-01 08:33:34,2026-09-15 08:33:34,converted,2026-09-15 08:33:34
1207,29411,2026-09-01 21:42:45,2026-09-15 21:42:45,canceled,2026-09-11 21:42:45
1208,29412,2026-09-01 17:09:10,2026-09-15 17:09:10,canceled,2026-09-12 17:09:10
1209,29414,2026-09-01 12:55:59,2026-09-15 12:55:59,canceled,2026-09-07 12:55:59
1210,29415,2026-09-01 10:03:15,2026-09-15 10:03:15,converted,2026-09-15 10:03:15
1211,29418,2026-09-01 05:27:05,2026-09-15 05:27:05,canceled,2026-09-14 05:27:05
1212,29420,2026-09-01 20:04:36,2026-09-15 20:04:36,converted,2026-09-15 20:04:36
1213,29426,2026-09-02 10:01:30,2026-09-16 10:01:30,converted,2026-09-16 10:01:30
1214,29427,2026-09-02 02:40:07,2026-09-16 02:40:07,converted,2026-09-16 02:40:07
1215,29428,2026-09-02 23:23:27,2026-09-16 23:23:27,canceled,2026-09-10 23:23:27
1216,29430,2026-09-02 16:58:38,2026-09-16 16:58:38,converted,2026-09-16 16:58:38
1217,29432,2026-09-02 05:42:36,2026-09-16 05:42:36,converted,2026-09-16 05:42:36
1218,29434,2026-09-02 15:56:23,2026-09-16 15:56:23,canceled,2026-09-10 15:56:23
1219,29435,2026-09-02 00:47:28,2026-09-16 00:47:28,canceled,2026-09-12 00:47:28
1220,29436,2026-09-02 17:59:22,2026-09-16 17:59:22,converted,2026-09-16 17:59:22
1221,29439,2026-09-02 20:08:03,2026-09-16 20:08:03,converted,2026-09-16 20:08:03
1222,29441,2026-09-02 00:28:47,2026-09-16 00:28:47,canceled,2026-09-13 00:28:47
1223,29444,2026-09-02 06:41:06,2026-09-16 06:41:06,converted,2026-09-16 06:41:06
1224,29445,2026-09-02 18:17:16,2026-09-16 18:17:16,canceled,2026-09-08 18:17:16
1225,29446,2026-09-02 14:36:29,2026-09-16 14:36:29,converted,2026-09-16 14:36:29
1226,29449,2026-09-02 05:27:50,2026-09-16 05:27:50,converted,2026-09-16 05:27:50
1227,29450,2026-09-02 02:49:47,2026-09-16 02:49:47,converted,2026-09-16 02:49:47
1228,29452,2026-09-02 02:28:29,2026-09-16 02:28:29,canceled,2026-09-11 02:28:29
1229,29453,2026-09-02 13:40:58,2026-09-16 13:40:58,canceled,2026-09-15 13:40:58
1230,29456,2026-09-02 12:13:05,2026-09-16 12:13:05,converted,2026-09-16 12:13:05
1231,29461,2026-09-02 05:03:20,2026-09-16 05:03:20,converted,2026-09-16 05:03:20
1232,29465,2026-09-02 06:42:40,2026-09-16 06:42:40,canceled,2026-09-14 06:42:40
1233,29466,2026-09-02 13:40:49,2026-09-16 13:40:49,converted,2026-09-16 13:40:49
1234,29468,2026-09-02 11:09:54,2026-09-16 11:09:54,canceled,2026-09-11 11:09:54
1235,29471,2026-09-02 02:58:32,2026-09-16 02:58:32,canceled,2026-09-07 02:58:32
1236,29472,2026-09-02 08:28:04,2026-09-16 08:28:04,canceled,2026-09-13 08:28:04
1237,29474,2026-09-02 18:28:56,2026-09-16 18:28:56,converted,2026-09-16 18:28:56
1238,29475,2026-09-02 00:48:46,2026-09-16 00:48:46,converted,2026-09-16 00:48:46
1239,29476,2026-09-02 03:03:57,2026-09-16 03:03:57,converted,2026-09-16 03:03:57
1240,29477,2026-09-02 22:03:46,2026-09-16 22:03:46,converted,2026-09-16 22:03:46
1241,29478,2026-09-02 00:31:29,2026-09-16 00:31:29,converted,2026-09-16 00:31:29
1242,29480,2026-09-02 06:37:49,2026-09-16 06:37:49,canceled,2026-09-11 06:37:49
1243,29486,2026-09-03 20:39:07,2026-09-17 20:39:07,converted,2026-09-17 20:39:07
1244,29488,2026-09-03 04:34:04,2026-09-17 04:34:04,converted,2026-09-17 04:34:04
1245,29489,2026-09-03 13:09:12,2026-09-17 13:09:12,canceled,2026-09-08 13:09:12
1246,29491,2026-09-03 01:17:20,2026-09-17 01:17:20,canceled,2026-09-09 01:17:20
1247,29492,2026-09-03 10:08:00,2026-09-17 10:08:00,converted,2026-09-17 10:08:00
1248,29494,2026-09-03 21:44:59,2026-09-17 21:44:59,converted,2026-09-17 21:44:59
1249,29495,2026-09-03 05:20:44,2026-09-17 05:20:44,converted,2026-09-17 05:20:44
1250,29496,2026-09-03 22:24:09,2026-09-17 22:24:09,canceled,2026-09-16 22:24:09
1251,29497,2026-09-03 05:15:19,2026-09-17 05:15:19,converted,2026-09-17 05:15:19
1252,29499,2026-09-03 13:07:01,2026-09-17 13:07:01,canceled,2026-09-14 13:07:01
1253,29503,2026-09-03 10:51:03,2026-09-17 10:51:03,canceled,2026-09-08 10:51:03
1254,29505,2026-09-03 02:22:59,2026-09-17 02:22:59,canceled,2026-09-15 02:22:59
1255,29509,2026-09-03 14:42:00,2026-09-17 14:42:00,canceled,2026-09-07 14:42:00
1256,29512,2026-09-03 15:19:07,2026-09-17 15:19:07,canceled,2026-09-12 15:19:07
1257,29514,2026-09-03 20:27:00,2026-09-17 20:27:00,canceled,2026-09-12 20:27:00
1258,29516,2026-09-03 00:16:41,2026-09-17 00:16:41,converted,2026-09-17 00:16:41
1259,29517,2026-09-03 14:04:31,2026-09-17 14:04:31,converted,2026-09-17 14:04:31
1260,29519,2026-09-03 12:09:37,2026-09-17 12:09:37,canceled,2026-09-08 12:09:37
1261,29521,2026-09-03 15:40:43,2026-09-17 15:40:43,canceled,2026-09-14 15:40:43
1262,29524,2026-09-03 03:24:17,2026-09-17 03:24:17,canceled,2026-09-16 03:24:17
1263,29525,2026-09-03 19:53:30,2026-09-17 19:53:30,canceled,2026-09-14 19:53:30
1264,29526,2026-09-03 20:22:44,2026-09-17 20:22:44,converted,2026-09-17 20:22:44
1265,29527,2026-09-03 01:08:46,2026-09-17 01:08:46,converted,2026-09-17 01:08:46
1266,29530,2026-09-03 07:39:41,2026-09-17 07:39:41,converted,2026-09-17 07:39:41
1267,29531,2026-09-03 19:41:12,2026-09-17 19:41:12,converted,2026-09-17 19:41:12
1268,29532,2026-09-03 04:17:48,2026-09-17 04:17:48,canceled,2026-09-16 04:17:48
1269,29533,2026-09-03 14:32:02,2026-09-17 14:32:02,canceled,2026-09-08 14:32:02
1270,29535,2026-09-03 11:16:39,2026-09-17 11:16:39,converted,2026-09-17 11:16:39
1271,29536,2026-09-03 15:25:15,2026-09-17 15:25:15,converted,2026-09-17 15:25:15
1272,29537,2026-09-03 15:07:51,2026-09-17 15:07:51,converted,2026-09-17 15:07:51
1273,29538,2026-09-03 18:02:01,2026-09-17 18:02:01,canceled,2026-09-16 18:02:01
1274,29539,2026-09-03 10:27:45,2026-09-17 10:27:45,converted,2026-09-17 10:27:45
1275,29540,2026-09-03 02:34:22,2026-09-17 02:34:22,canceled,2026-09-14 02:34:22
1276,29541,2026-09-03 13:33:54,2026-09-17 13:33:54,canceled,2026-09-08 13:33:54
1277,29543,2026-09-03 21:50:16,2026-09-17 21:50:16,converted,2026-09-17 21:50:16
1278,29546,2026-09-04 18:22:44,2026-09-18 18:22:44,canceled,2026-09-14 18:22:44
1279,29547,2026-09-04 22:32:43,2026-09-18 22:32:43,canceled,2026-09-13 22:32:43
1280,29548,2026-09-04 08:19:43,2026-09-18 08:19:43,converted,2026-09-18 08:19:43
1281,29550,2026-09-04 13:54:59,2026-09-18 13:54:59,converted,2026-09-18 13:54:59
1282,29551,2026-09-04 16:23:45,2026-09-18 16:23:45,canceled,2026-09-16 16:23:45
1283,29552,2026-09-04 18:08:08,2026-09-18 18:08:08,canceled,2026-09-08 18:08:08
1284,29555,2026-09-04 00:25:34,2026-09-18 00:25:34,canceled,2026-09-16 00:25:34
1285,29556,2026-09-04 16:44:17,2026-09-18 16:44:17,converted,2026-09-18 16:44:17
1286,29560,2026-09-04 21:41:10,2026-09-18 21:41:10,converted,2026-09-18 21:41:10
1287,29561,2026-09-04 14:20:06,2026-09-18 14:20:06,converted,2026-09-18 14:20:06
1288,29564,2026-09-04 19:53:08,2026-09-18 19:53:08,canceled,2026-09-11 19:53:08
1289,29565,2026-09-04 02:10:04,2026-09-18 02:10:04,converted,2026-09-18 02:10:04
1290,29567,2026-09-04 18:37:01,2026-09-18 18:37:01,canceled,2026-09-11 18:37:01
1291,29569,2026-09-04 16:53:33,2026-09-18 16:53:33,converted,2026-09-18 16:53:33
1292,29571,2026-09-04 14:16:46,2026-09-18 14:16:46,canceled,2026-09-17 14:16:46
1293,29573,2026-09-04 15:51:43,2026-09-18 15:51:43,canceled,2026-09-11 15:51:43
1294,29575,2026-09-04 08:36:28,2026-09-18 08:36:28,converted,2026-09-18 08:36:28
1295,29576,2026-09-04 20:56:03,2026-09-18 20:56:03,converted,2026-09-18 20:56:03
1296,29578,2026-09-04 10:42:26,2026-09-18 10:42:26,canceled,2026-09-17 10:42:26
1297,29579,2026-09-04 23:50:55,2026-09-18 23:50:55,canceled,2026-09-08 23:50:55
1298,29580,2026-09-04 10:36:09,2026-09-18 10:36:09,converted,2026-09-18 10:36:09
1299,29581,2026-09-04 00:40:33,2026-09-18 00:40:33,canceled,2026-09-09 00:40:33
1300,29582,2026-09-04 13:28:36,2026-09-18 13:28:36,converted,2026-09-18 13:28:36
1301,29583,2026-09-04 22:47:51,2026-09-18 22:47:51,canceled,2026-09-12 22:47:51
1302,29585,2026-09-04 09:03:13,2026-09-18 09:03:13,converted,2026-09-18 09:03:13
1303,29586,2026-09-04 00:06:00,2026-09-18 00:06:00,canceled,2026-09-08 00:06:00
1304,29587,2026-09-04 08:37:54,2026-09-18 08:37:54,converted,2026-09-18 08:37:54
1305,29590,2026-09-04 08:59:45,2026-09-18 08:59:45,converted,2026-09-18 08:59:45
1306,29591,2026-09-04 21:39:52,2026-09-18 21:39:52,canceled,2026-09-14 21:39:52
1307,29592,2026-09-04 13:03:28,2026-09-18 13:03:28,converted,2026-09-18 13:03:28
1308,29594,2026-09-04 14:50:10,2026-09-18 14:50:10,converted,2026-09-18 14:50:10
1309,29596,2026-09-04 11:00:02,2026-09-18 11:00:02,converted,2026-09-18 11:00:02
1310,29598,2026-09-04 15:46:21,2026-09-18 15:46:21,canceled,2026-09-16 15:46:21
1311,29600,2026-09-04 00:41:16,2026-09-18 00:41:16,canceled,2026-09-13 00:41:16
1312,29602,2026-09-04 22:41:33,2026-09-18 22:41:33,converted,2026-09-18 22:41:33
1313,29604,2026-09-04 13:57:48,2026-09-18 13:57:48,converted,2026-09-18 13:57:48
1314,29606,2026-09-04 20:40:44,2026-09-18 20:40:44,canceled,2026-09-13 20:40:44
1315,29607,2026-09-04 22:39:55,2026-09-18 22:39:55,canceled,2026-09-13 22:39:55
1316,29609,2026-09-04 20:42:54,2026-09-18 20:42:54,converted,2026-09-18 20:42:54
1317,29613,2026-09-04 07:14:18,2026-09-18 07:14:18,canceled,2026-09-14 07:14:18
1318,29614,2026-09-04 08:04:05,2026-09-18 08:04:05,converted,2026-09-18 08:04:05
1319,29615,2026-09-04 01:27:30,2026-09-18 01:27:30,canceled,2026-09-10 01:27:30
1320,29617,2026-09-04 10:59:50,2026-09-18 10:59:50,converted,2026-09-18 10:59:50
1321,29621,2026-09-04 03:15:27,2026-09-18 03:15:27,converted,2026-09-18 03:15:27
1322,29625,2026-09-04 12:12:46,2026-09-18 12:12:46,converted,2026-09-18 12:12:46
1323,29628,2026-09-04 18:22:40,2026-09-18 18:22:40,converted,2026-09-18 18:22:40
1324,29630,2026-09-05 01:42:26,2026-09-19 01:42:26,converted,2026-09-19 01:42:26
1325,29631,2026-09-05 20:50:46,2026-09-19 20:50:46,converted,2026-09-19 20:50:46
1326,29634,2026-09-05 09:33:02,2026-09-19 09:33:02,converted,2026-09-19 09:33:02
1327,29635,2026-09-05 17:32:54,2026-09-19 17:32:54,converted,2026-09-19 17:32:54
1328,29637,2026-09-05 16:54:56,2026-09-19 16:54:56,canceled,2026-09-18 16:54:56
1329,29638,2026-09-05 08:06:13,2026-09-19 08:06:13,canceled,2026-09-15 08:06:13
1330,29639,2026-09-05 11:33:16,2026-09-19 11:33:16,converted,2026-09-19 11:33:16
1331,29640,2026-09-05 05:01:14,2026-09-19 05:01:14,converted,2026-09-19 05:01:14
1332,29641,2026-09-05 14:53:59,2026-09-19 14:53:59,converted,2026-09-19 14:53:59
1333,29642,2026-09-05 00:05:38,2026-09-19 00:05:38,converted,2026-09-19 00:05:38
1334,29644,2026-09-05 11:36:42,2026-09-19 11:36:42,converted,2026-09-19 11:36:42
1335,29645,2026-09-05 12:46:40,2026-09-19 12:46:40,canceled,2026-09-18 12:46:40
1336,29648,2026-09-05 00:26:09,2026-09-19 00:26:09,converted,2026-09-19 00:26:09
1337,29649,2026-09-05 16:13:24,2026-09-19 16:13:24,converted,2026-09-19 16:13:24
1338,29650,2026-09-05 20:14:05,2026-09-19 20:14:05,canceled,2026-09-17 20:14:05
1339,29652,2026-09-05 13:31:02,2026-09-19 13:31:02,converted,2026-09-19 13:31:02
1340,29654,2026-09-05 12:08:35,2026-09-19 12:08:35,canceled,2026-09-11 12:08:35
1341,29656,2026-09-05 05:24:37,2026-09-19 05:24:37,converted,2026-09-19 05:24:37
1342,29658,2026-09-05 07:08:34,2026-09-19 07:08:34,canceled,2026-09-15 07:08:34
1343,29661,2026-09-05 13:02:12,2026-09-19 13:02:12,canceled,2026-09-14 13:02:12
1344,29662,2026-09-05 20:29:11,2026-09-19 20:29:11,canceled,2026-09-11 20:29:11
1345,29665,2026-09-05 19:18:52,2026-09-19 19:18:52,converted,2026-09-19 19:18:52
1346,29669,2026-09-05 23:34:10,2026-09-19 23:34:10,converted,2026-09-19 23:34:10
1347,29671,2026-09-05 12:34:57,2026-09-19 12:34:57,converted,2026-09-19 12:34:57
1348,29676,2026-09-05 02:41:29,2026-09-19 02:41:29,converted,2026-09-19 02:41:29
1349,29682,2026-09-05 13:43:56,2026-09-19 13:43:56,converted,2026-09-19 13:43:56
1350,29685,2026-09-05 16:56:40,2026-09-19 16:56:40,canceled,2026-09-15 16:56:40
1351,29686,2026-09-05 12:12:48,2026-09-19 12:12:48,converted,2026-09-19 12:12:48
1352,29691,2026-09-05 03:49:50,2026-09-19 03:49:50,converted,2026-09-19 03:49:50
1353,29692,2026-09-05 18:24:31,2026-09-19 18:24:31,canceled,2026-09-10 18:24:31
1354,29693,2026-09-05 10:52:55,2026-09-19 10:52:55,canceled,2026-09-16 10:52:55
1355,29694,2026-09-05 09:20:05,2026-09-19 09:20:05,converted,2026-09-19 09:20:05
1356,29698,2026-09-05 04:30:47,2026-09-19 04:30:47,canceled,2026-09-14 04:30:47
1357,29701,2026-09-05 22:37:26,2026-09-19 22:37:26,converted,2026-09-19 22:37:26
1358,29704,2026-09-06 22:35:10,2026-09-20 22:35:10,converted,2026-09-20 22:35:10
1359,29705,2026-09-06 06:26:58,2026-09-20 06:26:58,converted,2026-09-20 06:26:58
1360,29706,2026-09-06 08:12:49,2026-09-20 08:12:49,canceled,2026-09-12 08:12:49
1361,29707,2026-09-06 20:27:09,2026-09-20 20:27:09,converted,2026-09-20 20:27:09
1362,29709,2026-09-06 23:39:36,2026-09-20 23:39:36,converted,2026-09-20 23:39:36
1363,29715,2026-09-06 20:56:02,2026-09-20 20:56:02,converted,2026-09-20 20:56:02
1364,29717,2026-09-06 06:21:54,2026-09-20 06:21:54,canceled,2026-09-14 06:21:54
1365,29718,2026-09-06 20:54:18,2026-09-20 20:54:18,canceled,2026-09-10 20:54:18
1366,29719,2026-09-06 20:42:06,2026-09-20 20:42:06,canceled,2026-09-17 20:42:06
1367,29720,2026-09-06 07:43:53,2026-09-20 07:43:53,converted,2026-09-20 07:43:53
1368,29722,2026-09-06 07:42:04,2026-09-20 07:42:04,converted,2026-09-20 07:42:04
1369,29723,2026-09-06 13:47:18,2026-09-20 13:47:18,canceled,2026-09-10 13:47:18
1370,29724,2026-09-06 14:39:02,2026-09-20 14:39:02,canceled,2026-09-16 14:39:02
1371,29726,2026-09-06 11:01:11,2026-09-20 11:01:11,converted,2026-09-20 11:01:11
1372,29727,2026-09-06 13:57:29,2026-09-20 13:57:29,converted,2026-09-20 13:57:29
1373,29729,2026-09-06 14:26:50,2026-09-20 14:26:50,canceled,2026-09-16 14:26:50
1374,29732,2026-09-06 12:38:20,2026-09-20 12:38:20,converted,2026-09-20 12:38:20
1375,29733,2026-09-06 01:19:16,2026-09-20 01:19:16,canceled,2026-09-14 01:19:16
1376,29736,2026-09-06 23:53:58,2026-09-20 23:53:58,converted,2026-09-20 23:53:58
1377,29739,2026-09-06 01:38:55,2026-09-20 01:38:55,canceled,2026-09-15 01:38:55
1378,29742,2026-09-06 11:19:24,2026-09-20 11:19:24,canceled,2026-09-11 11:19:24
1379,29743,2026-09-06 22:12:33,2026-09-20 22:12:33,converted,2026-09-20 22:12:33
1380,29747,2026-09-06 04:24:46,2026-09-20 04:24:46,canceled,2026-09-14 04:24:46
1381,29751,2026-09-06 16:37:52,2026-09-20 16:37:52,canceled,2026-09-14 16:37:52
1382,29752,2026-09-06 20:30:22,2026-09-20 20:30:22,converted,2026-09-20 20:30:22
1383,29753,2026-09-06 08:32:44,2026-09-20 08:32:44,converted,2026-09-20 08:32:44
1384,29757,2026-09-06 18:12:39,2026-09-20 18:12:39,converted,2026-09-20 18:12:39
1385,29761,2026-09-06 06:43:15,2026-09-20 06:43:15,converted,2026-09-20 06:43:15
1386,29762,2026-09-06 03:01:27,2026-09-20 03:01:27,canceled,2026-09-18 03:01:27
1387,29763,2026-09-06 09:32:16,2026-09-20 09:32:16,canceled,2026-09-12 09:32:16
1388,29767,2026-09-06 13:44:15,2026-09-20 13:44:15,canceled,2026-09-17 13:44:15
1389,29768,2026-09-06 19:55:40,2026-09-20 19:55:40,converted,2026-09-20 19:55:40
1390,29770,2026-09-06 18:56:50,2026-09-20 18:56:50,canceled,2026-09-16 18:56:50
1391,29773,2026-09-06 06:18:51,2026-09-20 06:18:51,converted,2026-09-20 06:18:51
1392,29774,2026-09-06 13:54:38,2026-09-20 13:54:38,canceled,2026-09-18 13:54:38
1393,29777,2026-09-06 00:10:48,2026-09-20 00:10:48,converted,2026-09-20 00:10:48
1394,29780,2026-09-07 12:34:32,2026-09-21 12:34:32,converted,2026-09-21 12:34:32
1395,29781,2026-09-07 14:11:20,2026-09-21 14:11:20,converted,2026-09-21 14:11:20
1396,29785,2026-09-07 05:34:44,2026-09-21 05:34:44,canceled,2026-09-11 05:34:44
1397,29787,2026-09-07 09:25:34,2026-09-21 09:25:34,converted,2026-09-21 09:25:34
1398,29789,2026-09-07 05:47:54,2026-09-21 05:47:54,canceled,2026-09-14 05:47:54
1399,29790,2026-09-07 06:16:03,2026-09-21 06:16:03,canceled,2026-09-13 06:16:03
1400,29792,2026-09-07 03:16:38,2026-09-21 03:16:38,converted,2026-09-21 03:16:38
1401,29794,2026-09-07 05:44:55,2026-09-21 05:44:55,converted,2026-09-21 05:44:55
1402,29795,2026-09-07 04:01:13,2026-09-21 04:01:13,converted,2026-09-21 04:01:13
1403,29796,2026-09-07 06:17:50,2026-09-21 06:17:50,converted,2026-09-21 06:17:50
1404,29797,2026-09-07 23:42:44,2026-09-21 23:42:44,canceled,2026-09-19 23:42:44
1405,29799,2026-09-07 18:06:39,2026-09-21 18:06:39,converted,2026-09-21 18:06:39
1406,29800,2026-09-07 02:21:48,2026-09-21 02:21:48,converted,2026-09-21 02:21:48
1407,29801,2026-09-07 00:56:15,2026-09-21 00:56:15,converted,2026-09-21 00:56:15
1408,29802,2026-09-07 23:37:45,2026-09-21 23:37:45,converted,2026-09-21 23:37:45
1409,29804,2026-09-07 23:13:05,2026-09-21 23:13:05,canceled,2026-09-14 23:13:05
1410,29805,2026-09-07 02:30:02,2026-09-21 02:30:02,canceled,2026-09-20 02:30:02
1411,29806,2026-09-07 16:47:47,2026-09-21 16:47:47,converted,2026-09-21 16:47:47
1412,29809,2026-09-07 15:49:37,2026-09-21 15:49:37,canceled,2026-09-17 15:49:37
1413,29810,2026-09-07 19:02:28,2026-09-21 19:02:28,canceled,2026-09-18 19:02:28
1414,29811,2026-09-07 09:20:44,2026-09-21 09:20:44,converted,2026-09-21 09:20:44
1415,29814,2026-09-07 06:06:56,2026-09-21 06:06:56,canceled,2026-09-12 06:06:56
1416,29815,2026-09-07 03:35:48,2026-09-21 03:35:48,converted,2026-09-21 03:35:48
1417,29816,2026-09-07 23:27:47,2026-09-21 23:27:47,converted,2026-09-21 23:27:47
1418,29817,2026-09-07 21:14:19,2026-09-21 21:14:19,canceled,2026-09-12 21:14:19
1419,29819,2026-09-07 06:39:14,2026-09-21 06:39:14,converted,2026-09-21 06:39:14
1420,29822,2026-09-07 04:35:19,2026-09-21 04:35:19,canceled,2026-09-17 04:35:19
1421,29823,2026-09-07 05:12:15,2026-09-21 05:12:15,canceled,2026-09-18 05:12:15
1422,29828,2026-09-07 06:49:30,2026-09-21 06:49:30,converted,2026-09-21 06:49:30
1423,29829,2026-09-07 10:43:48,2026-09-21 10:43:48,converted,2026-09-21 10:43:48
1424,29832,2026-09-07 08:58:51,2026-09-21 08:58:51,canceled,2026-09-20 08:58:51
1425,29834,2026-09-07 18:28:41,2026-09-21 18:28:41,canceled,2026-09-11 18:28:41
1426,29835,2026-09-07 13:27:44,2026-09-21 13:27:44,converted,2026-09-21 13:27:44
1427,29840,2026-09-07 13:41:29,2026-09-21 13:41:29,canceled,2026-09-16 13:41:29
1428,29843,2026-09-07 04:32:43,2026-09-21 04:32:43,converted,2026-09-21 04:32:43
1429,29844,2026-09-07 16:08:16,2026-09-21 16:08:16,canceled,2026-09-16 16:08:16
1430,29845,2026-09-07 16:33:56,2026-09-21 16:33:56,canceled,2026-09-20 16:33:56
1431,29847,2026-09-07 23:35:55,2026-09-21 23:35:55,converted,2026-09-21 23:35:55
1432,29848,2026-09-07 12:16:18,2026-09-21 12:16:18,converted,2026-09-21 12:16:18
1433,29849,2026-09-07 09:34:07,2026-09-21 09:34:07,converted,2026-09-21 09:34:07
1434,29851,2026-09-07 06:41:36,2026-09-21 06:41:36,canceled,2026-09-13 06:41:36
1435,29854,2026-09-07 00:21:00,2026-09-21 00:21:00,converted,2026-09-21 00:21:00
1436,29855,2026-09-07 12:05:31,2026-09-21 12:05:31,canceled,2026-09-20 12:05:31
1437,29857,2026-09-07 00:50:25,2026-09-21 00:50:25,converted,2026-09-21 00:50:25
1438,29858,2026-09-07 05:19:55,2026-09-21 05:19:55,converted,2026-09-21 05:19:55
1439,29860,2026-09-07 04:17:37,2026-09-21 04:17:37,canceled,2026-09-18 04:17:37
1440,29863,2026-09-07 07:08:19,2026-09-21 07:08:19,canceled,2026-09-20 07:08:19
1441,29864,2026-09-08 04:23:35,2026-09-22 04:23:35,canceled,2026-09-18 04:23:35
1442,29866,2026-09-08 18:16:00,2026-09-22 18:16:00,converted,2026-09-22 18:16:00
1443,29867,2026-09-08 20:33:52,2026-09-22 20:33:52,canceled,2026-09-13 20:33:52
1444,29870,2026-09-08 10:04:48,2026-09-22 10:04:48,canceled,2026-09-17 10:04:48
1445,29874,2026-09-08 16:41:10,2026-09-22 16:41:10,converted,2026-09-22 16:41:10
1446,29875,2026-09-08 12:56:19,2026-09-22 12:56:19,canceled,2026-09-13 12:56:19
1447,29876,2026-09-08 16:25:52,2026-09-22 16:25:52,canceled,2026-09-21 16:25:52
1448,29880,2026-09-08 01:39:52,2026-09-22 01:39:52,converted,2026-09-22 01:39:52
1449,29882,2026-09-08 04:54:30,2026-09-22 04:54:30,converted,2026-09-22 04:54:30
1450,29884,2026-09-08 05:21:54,2026-09-22 05:21:54,converted,2026-09-22 05:21:54
1451,29887,2026-09-08 02:37:14,2026-09-22 02:37:14,converted,2026-09-22 02:37:14
1452,29888,2026-09-08 20:35:28,2026-09-22 20:35:28,canceled,2026-09-17 20:35:28
1453,29890,2026-09-08 02:00:35,2026-09-22 02:00:35,canceled,2026-09-20 02:00:35
1454,29892,2026-09-08 08:04:24,2026-09-22 08:04:24,converted,2026-09-22 08:04:24
1455,29894,2026-09-08 03:22:41,2026-09-22 03:22:41,canceled,2026-09-17 03:22:41
1456,29896,2026-09-08 14:26:45,2026-09-22 14:26:45,converted,2026-09-22 14:26:45
1457,29898,2026-09-08 09:28:06,2026-09-22 09:28:06,converted,2026-09-22 09:28:06
1458,29899,2026-09-08 15:40:47,2026-09-22 15:40:47,canceled,2026-09-19 15:40:47
1459,29902,2026-09-08 10:57:36,2026-09-22 10:57:36,converted,2026-09-22 10:57:36
1460,29905,2026-09-08 10:48:23,2026-09-22 10:48:23,canceled,2026-09-15 10:48:23
1461,29911,2026-09-08 21:00:06,2026-09-22 21:00:06,converted,2026-09-22 21:00:06
1462,29914,2026-09-08 07:50:05,2026-09-22 07:50:05,canceled,2026-09-20 07:50:05
1463,29916,2026-09-08 03:58:00,2026-09-22 03:58:00,converted,2026-09-22 03:58:00
1464,29917,2026-09-08 18:04:26,2026-09-22 18:04:26,canceled,2026-09-12 18:04:26
1465,29921,2026-09-08 22:25:50,2026-09-22 22:25:50,converted,2026-09-22 22:25:50
1466,29923,2026-09-08 08:19:44,2026-09-22 08:19:44,canceled,2026-09-16 08:19:44
1467,29926,2026-09-08 12:40:05,2026-09-22 12:40:05,canceled,2026-09-19 12:40:05
1468,29927,2026-09-08 02:42:44,2026-09-22 02:42:44,canceled,2026-09-14 02:42:44
1469,29928,2026-09-08 06:34:12,2026-09-22 06:34:12,canceled,2026-09-19 06:34:12
1470,29930,2026-09-08 16:21:34,2026-09-22 16:21:34,converted,2026-09-22 16:21:34
1471,29932,2026-09-08 23:16:37,2026-09-22 23:16:37,canceled,2026-09-15 23:16:37
1472,29933,2026-09-08 13:59:32,2026-09-22 13:59:32,canceled,2026-09-20 13:59:32
1473,29934,2026-09-08 11:32:48,2026-09-22 11:32:48,canceled,2026-09-18 11:32:48
1474,29937,2026-09-08 01:12:05,2026-09-22 01:12:05,canceled,2026-09-14 01:12:05
1475,29938,2026-09-08 10:06:37,2026-09-22 10:06:37,converted,2026-09-22 10:06:37
1476,29939,2026-09-08 03:12:29,2026-09-22 03:12:29,converted,2026-09-22 03:12:29
1477,29942,2026-09-08 08:50:37,2026-09-22 08:50:37,canceled,2026-09-16 08:50:37
1478,29944,2026-09-08 21:25:18,2026-09-22 21:25:18,converted,2026-09-22 21:25:18
1479,29945,2026-09-08 08:31:53,2026-09-22 08:31:53,canceled,2026-09-19 08:31:53
1480,29949,2026-09-08 03:12:44,2026-09-22 03:12:44,canceled,2026-09-15 03:12:44
1481,29958,2026-09-09 00:08:02,2026-09-23 00:08:02,converted,2026-09-23 00:08:02
1482,29962,2026-09-09 14:49:30,2026-09-23 14:49:30,canceled,2026-09-16 14:49:30
1483,29964,2026-09-09 17:08:56,2026-09-23 17:08:56,canceled,2026-09-13 17:08:56
1484,29966,2026-09-09 09:23:21,2026-09-23 09:23:21,converted,2026-09-23 09:23:21
1485,29969,2026-09-09 10:26:57,2026-09-23 10:26:57,converted,2026-09-23 10:26:57
1486,29971,2026-09-09 01:54:05,2026-09-23 01:54:05,converted,2026-09-23 01:54:05
1487,29972,2026-09-09 04:15:11,2026-09-23 04:15:11,converted,2026-09-23 04:15:11
1488,29974,2026-09-09 19:12:29,2026-09-23 19:12:29,converted,2026-09-23 19:12:29
1489,29975,2026-09-09 16:28:17,2026-09-23 16:28:17,canceled,2026-09-19 16:28:17
1490,29979,2026-09-09 11:11:13,2026-09-23 11:11:13,canceled,2026-09-14 11:11:13
1491,29982,2026-09-09 16:08:18,2026-09-23 16:08:18,canceled,2026-09-15 16:08:18
1492,29986,2026-09-09 05:23:55,2026-09-23 05:23:55,converted,2026-09-23 05:23:55
1493,29987,2026-09-09 15:47:40,2026-09-23 15:47:40,converted,2026-09-23 15:47:40
1494,29988,2026-09-09 00:35:57,2026-09-23 00:35:57,canceled,2026-09-14 00:35:57
1495,29989,2026-09-09 03:43:08,2026-09-23 03:43:08,converted,2026-09-23 03:43:08
1496,29991,2026-09-09 10:12:55,2026-09-23 10:12:55,canceled,2026-09-16 10:12:55
1497,29992,2026-09-09 00:33:00,2026-09-23 00:33:00,canceled,2026-09-20 00:33:00
1498,29993,2026-09-09 10:53:41,2026-09-23 10:53:41,converted,2026-09-23 10:53:41
1499,29994,2026-09-09 17:42:07,2026-09-23 17:42:07,canceled,2026-09-22 17:42:07
1500,29996,2026-09-09 08:07:52,2026-09-23 08:07:52,converted,2026-09-23 08:07:52
1501,29997,2026-09-09 18:59:25,2026-09-23 18:59:25,canceled,2026-09-19 18:59:25
1502,29998,2026-09-09 23:03:49,2026-09-23 23:03:49,converted,2026-09-23 23:03:49
1503,30001,2026-09-09 05:53:04,2026-09-23 05:53:04,converted,2026-09-23 05:53:04
1504,30002,2026-09-09 12:29:19,2026-09-23 12:29:19,canceled,2026-09-17 12:29:19
1505,30003,2026-09-09 17:59:13,2026-09-23 17:59:13,canceled,2026-09-22 17:59:13
1506,30004,2026-09-09 16:25:40,2026-09-23 16:25:40,converted,2026-09-23 16:25:40
1507,30005,2026-09-09 22:45:03,2026-09-23 22:45:03,canceled,2026-09-22 22:45:03
1508,30006,2026-09-09 08:29:43,2026-09-23 08:29:43,converted,2026-09-23 08:29:43
1509,30007,2026-09-09 18:14:39,2026-09-23 18:14:39,canceled,2026-09-22 18:14:39
1510,30008,2026-09-09 15:25:33,2026-09-23 15:25:33,canceled,2026-09-18 15:25:33
1511,30010,2026-09-09 00:41:37,2026-09-23 00:41:37,canceled,2026-09-21 00:41:37
1512,30012,2026-09-09 21:14:06,2026-09-23 21:14:06,converted,2026-09-23 21:14:06
1513,30013,2026-09-09 19:24:17,2026-09-23 19:24:17,converted,2026-09-23 19:24:17
1514,30016,2026-09-09 10:28:51,2026-09-23 10:28:51,converted,2026-09-23 10:28:51
1515,30021,2026-09-09 23:26:16,2026-09-23 23:26:16,converted,2026-09-23 23:26:16
1516,30022,2026-09-09 18:23:17,2026-09-23 18:23:17,canceled,2026-09-17 18:23:17
1517,30026,2026-09-10 20:24:48,2026-09-24 20:24:48,canceled,2026-09-20 20:24:48
1518,30027,2026-09-10 02:24:59,2026-09-24 02:24:59,canceled,2026-09-23 02:24:59
1519,30028,2026-09-10 16:10:22,2026-09-24 16:10:22,converted,2026-09-24 16:10:22
1520,30030,2026-09-10 15:39:20,2026-09-24 15:39:20,canceled,2026-09-21 15:39:20
1521,30031,2026-09-10 13:55:25,2026-09-24 13:55:25,converted,2026-09-24 13:55:25
1522,30032,2026-09-10 02:50:05,2026-09-24 02:50:05,converted,2026-09-24 02:50:05
1523,30033,2026-09-10 08:45:39,2026-09-24 08:45:39,canceled,2026-09-22 08:45:39
1524,30036,2026-09-10 06:02:34,2026-09-24 06:02:34,canceled,2026-09-21 06:02:34
1525,30038,2026-09-10 09:07:44,2026-09-24 09:07:44,canceled,2026-09-20 09:07:44
1526,30043,2026-09-10 04:31:47,2026-09-24 04:31:47,converted,2026-09-24 04:31:47
1527,30046,2026-09-10 19:43:16,2026-09-24 19:43:16,converted,2026-09-24 19:43:16
1528,30049,2026-09-10 05:47:09,2026-09-24 05:47:09,converted,2026-09-24 05:47:09
1529,30051,2026-09-10 03:29:07,2026-09-24 03:29:07,canceled,2026-09-21 03:29:07
1530,30052,2026-09-10 04:11:07,2026-09-24 04:11:07,canceled,2026-09-22 04:11:07
1531,30055,2026-09-10 23:05:58,2026-09-24 23:05:58,converted,2026-09-24 23:05:58
1532,30059,2026-09-10 21:53:03,2026-09-24 21:53:03,canceled,2026-09-20 21:53:03
1533,30061,2026-09-10 19:43:13,2026-09-24 19:43:13,converted,2026-09-24 19:43:13
1534,30062,2026-09-10 18:45:14,2026-09-24 18:45:14,converted,2026-09-24 18:45:14
1535,30063,2026-09-10 13:44:35,2026-09-24 13:44:35,converted,2026-09-24 13:44:35
1536,30066,2026-09-10 07:46:17,2026-09-24 07:46:17,converted,2026-09-24 07:46:17
1537,30067,2026-09-10 00:09:58,2026-09-24 00:09:58,canceled,2026-09-20 00:09:58
1538,30068,2026-09-10 05:40:55,2026-09-24 05:40:55,canceled,2026-09-19 05:40:55
1539,30069,2026-09-10 15:37:12,2026-09-24 15:37:12,converted,2026-09-24 15:37:12
1540,30071,2026-09-10 16:08:38,2026-09-24 16:08:38,converted,2026-09-24 16:08:38
1541,30072,2026-09-10 17:21:31,2026-09-24 17:21:31,converted,2026-09-24 17:21:31
1542,30074,2026-09-10 03:09:15,2026-09-24 03:09:15,converted,2026-09-24 03:09:15
1543,30075,2026-09-10 22:11:37,2026-09-24 22:11:37,canceled,2026-09-20 22:11:37
1544,30076,2026-09-10 18:11:53,2026-09-24 18:11:53,canceled,2026-09-22 18:11:53
1545,30078,2026-09-10 10:35:05,2026-09-24 10:35:05,canceled,2026-09-21 10:35:05
1546,30079,2026-09-10 17:03:13,2026-09-24 17:03:13,converted,2026-09-24 17:03:13
1547,30082,2026-09-10 16:42:27,2026-09-24 16:42:27,converted,2026-09-24 16:42:27
1548,30084,2026-09-10 03:45:22,2026-09-24 03:45:22,converted,2026-09-24 03:45:22
1549,30091,2026-09-10 13:45:43,2026-09-24 13:45:43,canceled,2026-09-18 13:45:43
1550,30092,2026-09-10 04:57:46,2026-09-24 04:57:46,converted,2026-09-24 04:57:46
1551,30095,2026-09-10 22:34:10,2026-09-24 22:34:10,canceled,2026-09-22 22:34:10
1552,30098,2026-09-10 20:31:57,2026-09-24 20:31:57,converted,2026-09-24 20:31:57
1553,30101,2026-09-10 14:48:54,2026-09-24 14:48:54,converted,2026-09-24 14:48:54
1554,30102,2026-09-11 06:00:48,2026-09-25 06:00:48,canceled,2026-09-22 06:00:48
1555,30103,2026-09-11 10:46:57,2026-09-25 10:46:57,,
1556,30104,2026-09-11 14:39:00,2026-09-25 14:39:00,canceled,2026-09-21 14:39:00
1557,30105,2026-09-11 03:29:30,2026-09-25 03:29:30,canceled,2026-09-23 03:29:30
1558,30110,2026-09-11 14:33:31,2026-09-25 14:33:31,canceled,2026-09-23 14:33:31
1559,30112,2026-09-11 14:28:59,2026-09-25 14:28:59,,
1560,30113,2026-09-11 03:00:52,2026-09-25 03:00:52,,
1561,30115,2026-09-11 11:01:28,2026-09-25 11:01:28,canceled,2026-09-23 11:01:28
1562,30116,2026-09-11 09:16:10,2026-09-25 09:16:10,canceled,2026-09-21 09:16:10
1563,30117,2026-09-11 02:26:04,2026-09-25 02:26:04,canceled,2026-09-23 02:26:04
1564,30118,2026-09-11 09:15:36,2026-09-25 09:15:36,canceled,2026-09-17 09:15:36
1565,30119,2026-09-11 05:29:47,2026-09-25 05:29:47,,
1566,30120,2026-09-11 05:02:50,2026-09-25 05:02:50,canceled,2026-09-17 05:02:50
1567,30121,2026-09-11 23:13:49,2026-09-25 23:13:49,,
1568,30122,2026-09-11 14:29:54,2026-09-25 14:29:54,canceled,2026-09-16 14:29:54
1569,30123,2026-09-11 02:06:00,2026-09-25 02:06:00,,
1570,30124,2026-09-11 12:06:45,2026-09-25 12:06:45,,
1571,30126,2026-09-11 09:35:20,2026-09-25 09:35:20,canceled,2026-09-22 09:35:20
1572,30127,2026-09-11 03:05:47,2026-09-25 03:05:47,,
1573,30129,2026-09-11 01:18:14,2026-09-25 01:18:14,,
1574,30131,2026-09-11 09:19:43,2026-09-25 09:19:43,,
1575,30132,2026-09-11 14:27:25,2026-09-25 14:27:25,canceled,2026-09-24 14:27:25
1576,30133,2026-09-11 20:47:23,2026-09-25 20:47:23,,
1577,30135,2026-09-11 06:03:46,2026-09-25 06:03:46,canceled,2026-09-17 06:03:46
1578,30137,2026-09-11 13:15:03,2026-09-25 13:15:03,canceled,2026-09-21 13:15:03
1579,30139,2026-09-11 22:22:16,2026-09-25 22:22:16,canceled,2026-09-15 22:22:16
1580,30141,2026-09-11 15:21:07,2026-09-25 15:21:07,canceled,2026-09-23 15:21:07
1581,30142,2026-09-11 22:45:12,2026-09-25 22:45:12,,
1582,30143,2026-09-11 01:32:54,2026-09-25 01:32:54,canceled,2026-09-21 01:32:54
1583,30146,2026-09-11 21:33:20,2026-09-25 21:33:20,canceled,2026-09-19 21:33:20
1584,30147,2026-09-11 10:25:08,2026-09-25 10:25:08,canceled,2026-09-19 10:25:08
1585,30152,2026-09-11 21:50:15,2026-09-25 21:50:15,,
1586,30153,2026-09-11 19:35:25,2026-09-25 19:35:25,canceled,2026-09-24 19:35:25
1587,30154,2026-09-11 11:52:29,2026-09-25 11:52:29,canceled,2026-09-24 11:52:29
1588,30155,2026-09-11 19:34:41,2026-09-25 19:34:41,,
1589,30156,2026-09-11 14:11:48,2026-09-25 14:11:48,,
1590,30160,2026-09-12 20:03:11,2026-09-26 20:03:11,canceled,2026-09-24 20:03:11
1591,30161,2026-09-12 15:28:55,2026-09-26 15:28:55,,
1592,30163,2026-09-12 17:56:30,2026-09-26 17:56:30,,
1593,30165,2026-09-12 17:21:54,2026-09-26 17:21:54,,
1594,30170,2026-09-12 19:43:08,2026-09-26 19:43:08,canceled,2026-09-20 19:43:08
1595,30171,2026-09-12 19:05:24,2026-09-26 19:05:24,,
1596,30172,2026-09-12 14:08:34,2026-09-26 14:08:34,canceled,2026-09-19 14:08:34
1597,30175,2026-09-12 03:41:36,2026-09-26 03:41:36,canceled,2026-09-22 03:41:36
1598,30176,2026-09-12 02:36:33,2026-09-26 02:36:33,canceled,2026-09-21 02:36:33
1599,30177,2026-09-12 16:44:12,2026-09-26 16:44:12,,
1600,30178,2026-09-12 00:15:47,2026-09-26 00:15:47,,
1601,30179,2026-09-12 23:32:07,2026-09-26 23:32:07,canceled,2026-09-18 23:32:07
1602,30181,2026-09-12 23:39:37,2026-09-26 23:39:37,,
1603,30183,2026-09-12 05:02:12,2026-09-26 05:02:12,canceled,2026-09-22 05:02:12
1604,30184,2026-09-12 12:38:24,2026-09-26 12:38:24,canceled,2026-09-24 12:38:24
1605,30185,2026-09-12 10:52:21,2026-09-26 10:52:21,,
1606,30188,2026-09-12 01:05:03,2026-09-26 01:05:03,canceled,2026-09-16 01:05:03
1607,30190,2026-09-12 23:21:03,2026-09-26 23:21:03,canceled,2026-09-16 23:21:03
1608,30194,2026-09-12 18:14:40,2026-09-26 18:14:40,,
1609,30196,2026-09-12 04:05:42,2026-09-26 04:05:42,canceled,2026-09-22 04:05:42
1610,30201,2026-09-12 18:00:21,2026-09-26 18:00:21,canceled,2026-09-18 18:00:21
1611,30202,2026-09-12 20:49:27,2026-09-26 20:49:27,,
1612,30203,2026-09-12 14:00:47,2026-09-26 14:00:47,canceled,2026-09-16 14:00:47
1613,30204,2026-09-12 22:28:18,2026-09-26 22:28:18,canceled,2026-09-22 22:28:18
1614,30207,2026-09-12 02:31:13,2026-09-26 02:31:13,canceled,2026-09-18 02:31:13
1615,30208,2026-09-12 02:48:36,2026-09-26 02:48:36,,
1616,30209,2026-09-12 07:28:50,2026-09-26 07:28:50,canceled,2026-09-17 07:28:50
1617,30210,2026-09-12 11:38:23,2026-09-26 11:38:23,canceled,2026-09-16 11:38:23
1618,30211,2026-09-12 14:11:26,2026-09-26 14:11:26,canceled,2026-09-19 14:11:26
1619,30213,2026-09-12 18:52:15,2026-09-26 18:52:15,canceled,2026-09-22 18:52:15
1620,30214,2026-09-12 15:45:05,2026-09-26 15:45:05,canceled,2026-09-23 15:45:05
1621,30216,2026-09-12 08:28:55,2026-09-26 08:28:55,canceled,2026-09-23 08:28:55
1622,30218,2026-09-12 06:14:14,2026-09-26 06:14:14,,
1623,30222,2026-09-12 05:48:47,2026-09-26 05:48:47,canceled,2026-09-17 05:48:47
1624,30223,2026-09-12 11:05:38,2026-09-26 11:05:38,canceled,2026-09-20 11:05:38
1625,30225,2026-09-13 20:52:50,2026-09-27 20:52:50,,
1626,30227,2026-09-13 10:30:01,2026-09-27 10:30:01,,
1627,30228,2026-09-13 18:07:28,2026-09-27 18:07:28,canceled,2026-09-18 18:07:28
1628,30234,2026-09-13 18:04:14,2026-09-27 18:04:14,,
1629,30235,2026-09-13 00:23:23,2026-09-27 00:23:23,,
1630,30236,2026-09-13 01:53:49,2026-09-27 01:53:49,canceled,2026-09-21 01:53:49
1631,30237,2026-09-13 21:17:27,2026-09-27 21:17:27,,
1632,30238,2026-09-13 10:02:22,2026-09-27 10:02:22,,
1633,30240,2026-09-13 07:16:16,2026-09-27 07:16:16,,
1634,30242,2026-09-13 14:20:17,2026-09-27 14:20:17,,
1635,30245,2026-09-13 06:53:47,2026-09-27 06:53:47,canceled,2026-09-19 06:53:47
1636,30246,2026-09-13 19:14:10,2026-09-27 19:14:10,,
1637,30249,2026-09-13 21:14:52,2026-09-27 21:14:52,canceled,2026-09-17 21:14:52
1638,30252,2026-09-13 23:58:52,2026-09-27 23:58:52,,
1639,30253,2026-09-13 10:52:03,2026-09-27 10:52:03,canceled,2026-09-19 10:52:03
1640,30257,2026-09-13 10:01:55,2026-09-27 10:01:55,,
1641,30259,2026-09-13 04:44:33,2026-09-27 04:44:33,,
1642,30261,2026-09-13 11:33:29,2026-09-27 11:33:29,canceled,2026-09-24 11:33:29
1643,30262,2026-09-13 19:05:16,2026-09-27 19:05:16,canceled,2026-09-19 19:05:16
1644,30264,2026-09-13 07:47:16,2026-09-27 07:47:16,,
1645,30267,2026-09-13 12:57:03,2026-09-27 12:57:03,canceled,2026-09-18 12:57:03
1646,30272,2026-09-13 04:01:13,2026-09-27 04:01:13,,
1647,30277,2026-09-13 00:40:33,2026-09-27 00:40:33,,
1648,30279,2026-09-13 12:56:04,2026-09-27 12:56:04,canceled,2026-09-22 12:56:04
1649,30280,2026-09-13 11:25:51,2026-09-27 11:25:51,canceled,2026-09-19 11:25:51
1650,30282,2026-09-13 21:07:41,2026-09-27 21:07:41,canceled,2026-09-19 21:07:41
1651,30289,2026-09-13 01:24:06,2026-09-27 01:24:06,,
1652,30294,2026-09-13 16:38:22,2026-09-27 16:38:22,,
1653,30295,2026-09-13 22:33:02,2026-09-27 22:33:02,,
1654,30297,2026-09-14 05:29:35,2026-09-28 05:29:35,,
1655,30298,2026-09-14 23:40:15,2026-09-28 23:40:15,,
1656,30299,2026-09-14 18:49:21,2026-09-28 18:49:21,,
1657,30300,2026-09-14 02:01:21,2026-09-28 02:01:21,,
1658,30307,2026-09-14 08:26:38,2026-09-28 08:26:38,,
1659,30318,2026-09-14 15:22:59,2026-09-28 15:22:59,,
1660,30321,2026-09-14 22:09:08,2026-09-28 22:09:08,,
1661,30323,2026-09-14 14:04:24,2026-09-28 14:04:24,,
1662,30325,2026-09-14 12:13:00,2026-09-28 12:13:00,canceled,2026-09-21 12:13:00
1663,30327,2026-09-14 22:06:49,2026-09-28 22:06:49,,
1664,30330,2026-09-14 09:45:06,2026-09-28 09:45:06,canceled,2026-09-22 09:45:06
1665,30331,2026-09-14 08:26:42,2026-09-28 08:26:42,,
1666,30332,2026-09-14 21:54:54,2026-09-28 21:54:54,,
1667,30334,2026-09-14 07:58:07,2026-09-28 07:58:07,,
1668,30335,2026-09-14 10:48:09,2026-09-28 10:48:09,,
1669,30336,2026-09-14 21:35:58,2026-09-28 21:35:58,,
1670,30337,2026-09-14 06:05:55,2026-09-28 06:05:55,,
1671,30338,2026-09-14 02:19:04,2026-09-28 02:19:04,canceled,2026-09-18 02:19:04
1672,30339,2026-09-14 04:17:28,2026-09-28 04:17:28,,
1673,30346,2026-09-14 06:34:34,2026-09-28 06:34:34,,
1674,30348,2026-09-14 20:10:36,2026-09-28 20:10:36,,
1675,30349,2026-09-14 00:50:56,2026-09-28 00:50:56,,
1676,30353,2026-09-14 02:58:53,2026-09-28 02:58:53,,
1677,30355,2026-09-14 15:21:35,2026-09-28 15:21:35,canceled,2026-09-19 15:21:35
1678,30356,2026-09-14 01:02:13,2026-09-28 01:02:13,,
1679,30360,2026-09-14 10:40:11,2026-09-28 10:40:11,,
1680,30361,2026-09-14 07:08:21,2026-09-28 07:08:21,canceled,2026-09-22 07:08:21
1681,30363,2026-09-14 16:24:55,2026-09-28 16:24:55,,
1682,30364,2026-09-14 09:35:30,2026-09-28 09:35:30,,
1683,30365,2026-09-14 15:11:22,2026-09-28 15:11:22,,
1684,30366,2026-09-14 20:36:32,2026-09-28 20:36:32,,
1685,30367,2026-09-14 20:28:09,2026-09-28 20:28:09,,
1686,30369,2026-09-14 18:02:06,2026-09-28 18:02:06,,
1687,30371,2026-09-14 01:09:41,2026-09-28 01:09:41,,
1688,30372,2026-09-14 11:37:28,2026-09-28 11:37:28,,
1689,30373,2026-09-14 14:09:10,2026-09-28 14:09:10,,
1690,30374,2026-09-14 06:11:16,2026-09-28 06:11:16,canceled,2026-09-23 06:11:16
1691,30375,2026-09-14 16:06:22,2026-09-28 16:06:22,,
1692,30376,2026-09-14 05:18:56,2026-09-28 05:18:56,canceled,2026-09-18 05:18:56
1693,30380,2026-09-15 07:14:24,2026-09-29 07:14:24,,
1694,30385,2026-09-15 16:19:17,2026-09-29 16:19:17,canceled,2026-09-19 16:19:17
1695,30386,2026-09-15 12:12:49,2026-09-29 12:12:49,,
1696,30392,2026-09-15 02:12:03,2026-09-29 02:12:03,canceled,2026-09-22 02:12:03
1697,30395,2026-09-15 14:19:15,2026-09-29 14:19:15,,
1698,30396,2026-09-15 01:52:11,2026-09-29 01:52:11,,
1699,30397,2026-09-15 08:35:25,2026-09-29 08:35:25,,
1700,30398,2026-09-15 03:46:58,2026-09-29 03:46:58,,
1701,30401,2026-09-15 01:36:25,2026-09-29 01:36:25,,
1702,30402,2026-09-15 21:41:38,2026-09-29 21:41:38,,
1703,30410,2026-09-15 14:23:28,2026-09-29 14:23:28,,
1704,30413,2026-09-15 16:45:29,2026-09-29 16:45:29,,
1705,30415,2026-09-15 02:28:14,2026-09-29 02:28:14,,
1706,30417,2026-09-15 11:54:22,2026-09-29 11:54:22,,
1707,30419,2026-09-15 14:03:52,2026-09-29 14:03:52,,
1708,30421,2026-09-15 22:00:34,2026-09-29 22:00:34,,
1709,30422,2026-09-15 17:22:52,2026-09-29 17:22:52,,
1710,30425,2026-09-15 19:04:30,2026-09-29 19:04:30,canceled,2026-09-19 19:04:30
1711,30428,2026-09-15 23:01:10,2026-09-29 23:01:10,,
1712,30429,2026-09-15 22:51:43,2026-09-29 22:51:43,canceled,2026-09-20 22:51:43
1713,30432,2026-09-15 01:51:37,2026-09-29 01:51:37,,
1714,30433,2026-09-15 02:50:03,2026-09-29 02:50:03,,
1715,30434,2026-09-15 04:29:41,2026-09-29 04:29:41,,
1716,30435,2026-09-15 10:22:26,2026-09-29 10:22:26,canceled,2026-09-20 10:22:26
1717,30437,2026-09-15 13:52:27,2026-09-29 13:52:27,canceled,2026-09-21 13:52:27
1718,30438,2026-09-15 06:08:21,2026-09-29 06:08:21,canceled,2026-09-24 06:08:21
1719,30441,2026-09-15 09:08:08,2026-09-29 09:08:08,canceled,2026-09-23 09:08:08
1720,30442,2026-09-15 07:00:47,2026-09-29 07:00:47,,
1721,30443,2026-09-15 16:50:28,2026-09-29 16:50:28,,
1722,30444,2026-09-15 10:45:54,2026-09-29 10:45:54,canceled,2026-09-24 10:45:54
1723,30445,2026-09-15 15:34:45,2026-09-29 15:34:45,canceled,2026-09-24 15:34:45
1724,30446,2026-09-15 19:15:12,2026-09-29 19:15:12,,
1725,30447,2026-09-15 04:57:13,2026-09-29 04:57:13,,
1726,30450,2026-09-15 16:10:57,2026-09-29 16:10:57,,
1727,30451,2026-09-15 13:17:19,2026-09-29 13:17:19,,
1728,30454,2026-09-15 07:45:51,2026-09-29 07:45:51,canceled,2026-09-22 07:45:51
1729,30455,2026-09-15 08:30:41,2026-09-29 08:30:41,,
1730,30456,2026-09-16 00:17:51,2026-09-30 00:17:51,,
1731,30457,2026-09-16 01:47:17,2026-09-30 01:47:17,,
1732,30458,2026-09-16 22:58:01,2026-09-30 22:58:01,canceled,2026-09-20 22:58:01
1733,30460,2026-09-16 21:31:03,2026-09-30 21:31:03,,
1734,30461,2026-09-16 13:12:42,2026-09-30 13:12:42,,
1735,30463,2026-09-16 09:02:14,2026-09-30 09:02:14,,
1736,30464,2026-09-16 15:59:23,2026-09-30 15:59:23,canceled,2026-09-24 15:59:23
1737,30466,2026-09-16 09:08:13,2026-09-30 09:08:13,,
1738,30468,2026-09-16 22:21:56,2026-09-30 22:21:56,,
1739,30469,2026-09-16 10:55:46,2026-09-30 10:55:46,,
1740,30470,2026-09-16 12:02:14,2026-09-30 12:02:14,,
1741,30472,2026-09-16 00:15:59,2026-09-30 00:15:59,,
1742,30473,2026-09-16 00:38:35,2026-09-30 00:38:35,,
1743,30477,2026-09-16 05:22:56,2026-09-30 05:22:56,,
1744,30478,2026-09-16 01:37:49,2026-09-30 01:37:49,,
1745,30479,2026-09-16 21:47:06,2026-09-30 21:47:06,,
1746,30480,2026-09-16 08:06:35,2026-09-30 08:06:35,,
1747,30481,2026-09-16 19:07:26,2026-09-30 19:07:26,canceled,2026-09-24 19:07:26
1748,30484,2026-09-16 08:12:20,2026-09-30 08:12:20,,
1749,30485,2026-09-16 16:19:07,2026-09-30 16:19:07,canceled,2026-09-24 16:19:07
1750,30488,2026-09-16 20:56:57,2026-09-30 20:56:57,,
1751,30494,2026-09-16 10:29:52,2026-09-30 10:29:52,,
1752,30496,2026-09-16 20:13:20,2026-09-30 20:13:20,,
1753,30499,2026-09-16 16:38:11,2026-09-30 16:38:11,,
1754,30500,2026-09-16 15:44:45,2026-09-30 15:44:45,,
1755,30503,2026-09-16 16:14:06,2026-09-30 16:14:06,,
1756,30506,2026-09-16 21:18:09,2026-09-30 21:18:09,canceled,2026-09-21 21:18:09
1757,30508,2026-09-16 03:20:10,2026-09-30 03:20:10,,
1758,30509,2026-09-16 21:27:28,2026-09-30 21:27:28,,
1759,30511,2026-09-16 21:57:22,2026-09-30 21:57:22,,
1760,30514,2026-09-16 06:38:56,2026-09-30 06:38:56,,
1761,30518,2026-09-16 12:53:53,2026-09-30 12:53:53,,
1762,30519,2026-09-16 06:09:19,2026-09-30 06:09:19,canceled,2026-09-20 06:09:19
1763,30520,2026-09-16 03:53:43,2026-09-30 03:53:43,,
1764,30521,2026-09-16 02:31:23,2026-09-30 02:31:23,,
1765,30522,2026-09-16 04:32:46,2026-09-30 04:32:46,,
1766,30525,2026-09-16 06:41:34,2026-09-30 06:41:34,,
1767,30526,2026-09-16 18:35:16,2026-09-30 18:35:16,canceled,2026-09-22 18:35:16
1768,30527,2026-09-17 03:04:13,2026-10-01 03:04:13,canceled,2026-09-24 03:04:13
1769,30528,2026-09-17 01:02:41,2026-10-01 01:02:41,,
1770,30529,2026-09-17 02:42:32,2026-10-01 02:42:32,,
1771,30530,2026-09-17 20:13:02,2026-10-01 20:13:02,canceled,2026-09-22 20:13:02
1772,30531,2026-09-17 16:28:01,2026-10-01 16:28:01,canceled,2026-09-23 16:28:01
1773,30532,2026-09-17 06:31:24,2026-10-01 06:31:24,,
1774,30536,2026-09-17 13:30:15,2026-10-01 13:30:15,,
1775,30537,2026-09-17 07:36:53,2026-10-01 07:36:53,canceled,2026-09-21 07:36:53
1776,30538,2026-09-17 13:20:30,2026-10-01 13:20:30,canceled,2026-09-21 13:20:30
1777,30539,2026-09-17 03:31:28,2026-10-01 03:31:28,,
1778,30540,2026-09-17 23:55:36,2026-10-01 23:55:36,,
1779,30549,2026-09-17 15:09:07,2026-10-01 15:09:07,,
1780,30554,2026-09-17 19:42:41,2026-10-01 19:42:41,canceled,2026-09-23 19:42:41
1781,30558,2026-09-17 18:25:14,2026-10-01 18:25:14,,
1782,30559,2026-09-17 11:59:34,2026-10-01 11:59:34,,
1783,30560,2026-09-17 09:43:08,2026-10-01 09:43:08,,
1784,30561,2026-09-17 06:10:37,2026-10-01 06:10:37,,
1785,30564,2026-09-17 23:55:08,2026-10-01 23:55:08,canceled,2026-09-24 23:55:08
1786,30566,2026-09-17 01:15:41,2026-10-01 01:15:41,,
1787,30568,2026-09-17 20:25:36,2026-10-01 20:25:36,canceled,2026-09-21 20:25:36
1788,30569,2026-09-17 19:13:19,2026-10-01 19:13:19,,
1789,30576,2026-09-17 13:03:35,2026-10-01 13:03:35,,
1790,30577,2026-09-17 13:31:40,2026-10-01 13:31:40,canceled,2026-09-22 13:31:40
1791,30579,2026-09-17 01:25:27,2026-10-01 01:25:27,,
1792,30581,2026-09-17 08:31:35,2026-10-01 08:31:35,,
1793,30585,2026-09-17 05:46:59,2026-10-01 05:46:59,canceled,2026-09-24 05:46:59
1794,30590,2026-09-17 09:50:02,2026-10-01 09:50:02,,
1795,30593,2026-09-17 03:52:10,2026-10-01 03:52:10,,
1796,30594,2026-09-17 03:26:11,2026-10-01 03:26:11,,
1797,30595,2026-09-17 15:27:39,2026-10-01 15:27:39,,
1798,30597,2026-09-17 05:30:41,2026-10-01 05:30:41,,
1799,30598,2026-09-17 13:59:17,2026-10-01 13:59:17,,
1800,30599,2026-09-17 00:52:32,2026-10-01 00:52:32,,
1801,30600,2026-09-17 23:28:38,2026-10-01 23:28:38,,
1802,30604,2026-09-18 22:33:30,2026-10-02 22:33:30,,
1803,30609,2026-09-18 08:33:30,2026-10-02 08:33:30,,
1804,30610,2026-09-18 20:28:21,2026-10-02 20:28:21,,
1805,30611,2026-09-18 23:14:42,2026-10-02 23:14:42,,
1806,30612,2026-09-18 01:41:28,2026-10-02 01:41:28,,
1807,30613,2026-09-18 02:49:15,2026-10-02 02:49:15,canceled,2026-09-23 02:49:15
1808,30614,2026-09-18 18:37:02,2026-10-02 18:37:02,,
1809,30617,2026-09-18 11:37:02,2026-10-02 11:37:02,,
1810,30620,2026-09-18 02:25:02,2026-10-02 02:25:02,canceled,2026-09-23 02:25:02
1811,30622,2026-09-18 10:29:51,2026-10-02 10:29:51,canceled,2026-09-23 10:29:51
1812,30623,2026-09-18 03:46:08,2026-10-02 03:46:08,,
1813,30624,2026-09-18 07:04:56,2026-10-02 07:04:56,,
1814,30627,2026-09-18 02:57:35,2026-10-02 02:57:35,,
1815,30628,2026-09-18 20:22:11,2026-10-02 20:22:11,,
1816,30629,2026-09-18 12:55:03,2026-10-02 12:55:03,,
1817,30630,2026-09-18 12:32:21,2026-10-02 12:32:21,,
1818,30631,2026-09-18 08:27:27,2026-10-02 08:27:27,,
1819,30634,2026-09-18 18:28:30,2026-10-02 18:28:30,,
1820,30635,2026-09-18 10:02:45,2026-10-02 10:02:45,,
1821,30636,2026-09-18 22:07:23,2026-10-02 22:07:23,,
1822,30639,2026-09-18 15:14:37,2026-10-02 15:14:37,,
1823,30642,2026-09-18 10:54:00,2026-10-02 10:54:00,,
1824,30644,2026-09-18 05:47:54,2026-10-02 05:47:54,,
1825,30646,2026-09-18 18:14:50,2026-10-02 18:14:50,,
1826,30653,2026-09-18 05:14:33,2026-10-02 05:14:33,,
1827,30654,2026-09-18 01:56:13,2026-10-02 01:56:13,,
1828,30656,2026-09-18 11:00:33,2026-10-02 11:00:33,,
1829,30665,2026-09-18 06:17:41,2026-10-02 06:17:41,,
1830,30666,2026-09-18 07:50:37,2026-10-02 07:50:37,,
1831,30669,2026-09-18 17:25:40,2026-10-02 17:25:40,,
1832,30673,2026-09-18 12:20:37,2026-10-02 12:20:37,,
1833,30674,2026-09-18 11:59:11,2026-10-02 11:59:11,,
1834,30678,2026-09-18 05:15:44,2026-10-02 05:15:44,,
1835,30679,2026-09-18 23:16:19,2026-10-02 23:16:19,,
1836,30680,2026-09-18 17:37:59,2026-10-02 17:37:59,canceled,2026-09-22 17:37:59
1837,30683,2026-09-19 06:47:59,2026-10-03 06:47:59,canceled,2026-09-24 06:47:59
1838,30684,2026-09-19 10:11:32,2026-10-03 10:11:32,,
1839,30685,2026-09-19 14:23:45,2026-10-03 14:23:45,,
1840,30688,2026-09-19 22:04:24,2026-10-03 22:04:24,,
1841,30690,2026-09-19 01:01:03,2026-10-03 01:01:03,,
1842,30693,2026-09-19 16:28:16,2026-10-03 16:28:16,,
1843,30696,2026-09-19 00:40:16,2026-10-03 00:40:16,,
1844,30700,2026-09-19 03:31:29,2026-10-03 03:31:29,,
1845,30701,2026-09-19 08:03:28,2026-10-03 08:03:28,,
1846,30702,2026-09-19 13:08:36,2026-10-03 13:08:36,,
1847,30706,2026-09-19 10:08:20,2026-10-03 10:08:20,,
1848,30707,2026-09-19 14:16:21,2026-10-03 14:16:21,canceled,2026-09-24 14:16:21
1849,30708,2026-09-19 22:27:26,2026-10-03 22:27:26,canceled,2026-09-23 22:27:26
1850,30713,2026-09-19 17:33:02,2026-10-03 17:33:02,,
1851,30714,2026-09-19 17:21:23,2026-10-03 17:21:23,,
1852,30716,2026-09-19 11:22:16,2026-10-03 11:22:16,,
1853,30717,2026-09-19 11:15:58,2026-10-03 11:15:58,,
1854,30719,2026-09-19 14:38:50,2026-10-03 14:38:50,,
1855,30720,2026-09-19 22:03:56,2026-10-03 22:03:56,,
1856,30722,2026-09-19 06:27:34,2026-10-03 06:27:34,,
1857,30725,2026-09-19 13:12:34,2026-10-03 13:12:34,,
1858,30728,2026-09-19 22:22:09,2026-10-03 22:22:09,,
1859,30730,2026-09-19 07:43:23,2026-10-03 07:43:23,,
1860,30731,2026-09-19 04:38:28,2026-10-03 04:38:28,,
1861,30733,2026-09-19 23:12:59,2026-10-03 23:12:59,,
1862,30736,2026-09-19 00:01:11,2026-10-03 00:01:11,,
1863,30739,2026-09-19 09:52:21,2026-10-03 09:52:21,,
1864,30740,2026-09-19 01:58:41,2026-10-03 01:58:41,,
1865,30741,2026-09-19 16:14:55,2026-10-03 16:14:55,,
1866,30743,2026-09-19 16:14:24,2026-10-03 16:14:24,,
1867,30746,2026-09-19 08:39:51,2026-10-03 08:39:51,,
1868,30747,2026-09-19 07:55:18,2026-10-03 07:55:18,,
1869,30751,2026-09-19 14:15:16,2026-10-03 14:15:16,,
1870,30758,2026-09-19 10:48:40,2026-10-03 10:48:40,,
1871,30761,2026-09-19 03:07:14,2026-10-03 03:07:14,,
1872,30762,2026-09-19 13:24:09,2026-10-03 13:24:09,,
1873,30765,2026-09-19 20:40:38,2026-10-03 20:40:38,,
1874,30770,2026-09-19 00:24:43,2026-10-03 00:24:43,,
1875,30772,2026-09-19 06:53:21,2026-10-03 06:53:21,,
1876,30777,2026-09-19 16:11:13,2026-10-03 16:11:13,,
1877,30778,2026-09-19 15:08:24,2026-10-03 15:08:24,,
1878,30779,2026-09-19 23:53:27,2026-10-03 23:53:27,canceled,2026-09-23 23:53:27
1879,30780,2026-09-19 15:20:31,2026-10-03 15:20:31,,
1880,30781,2026-09-19 14:07:54,2026-10-03 14:07:54,canceled,2026-09-23 14:07:54
1881,30782,2026-09-19 08:21:50,2026-10-03 08:21:50,canceled,2026-09-23 08:21:50
1882,30785,2026-09-20 22:33:15,2026-10-04 22:33:15,,
1883,30787,2026-09-20 19:00:28,2026-10-04 19:00:28,,
1884,30790,2026-09-20 06:43:44,2026-10-04 06:43:44,,
1885,30791,2026-09-20 08:27:56,2026-10-04 08:27:56,,
1886,30797,2026-09-20 17:54:41,2026-10-04 17:54:41,,
1887,30799,2026-09-20 15:37:35,2026-10-04 15:37:35,,
1888,30800,2026-09-20 08:04:01,2026-10-04 08:04:01,,
1889,30801,2026-09-20 10:36:05,2026-10-04 10:36:05,,
1890,30802,2026-09-20 10:18:17,2026-10-04 10:18:17,,
1891,30805,2026-09-20 13:28:11,2026-10-04 13:28:11,,
1892,30806,2026-09-20 22:36:53,2026-10-04 22:36:53,,
1893,30807,2026-09-20 09:12:23,2026-10-04 09:12:23,,
1894,30810,2026-09-20 18:47:53,2026-10-04 18:47:53,,
1895,30812,2026-09-20 17:15:33,2026-10-04 17:15:33,canceled,2026-09-24 17:15:33
1896,30813,2026-09-20 01:31:45,2026-10-04 01:31:45,,
1897,30814,2026-09-20 06:24:20,2026-10-04 06:24:20,,
1898,30817,2026-09-20 22:10:00,2026-10-04 22:10:00,,
1899,30818,2026-09-20 10:52:38,2026-10-04 10:52:38,,
1900,30822,2026-09-20 05:03:56,2026-10-04 05:03:56,,
1901,30823,2026-09-20 08:57:33,2026-10-04 08:57:33,,
1902,30825,2026-09-20 01:33:59,2026-10-04 01:33:59,,
1903,30827,2026-09-20 05:05:57,2026-10-04 05:05:57,,
1904,30828,2026-09-20 03:13:19,2026-10-04 03:13:19,,
1905,30830,2026-09-20 09:36:37,2026-10-04 09:36:37,,
1906,30833,2026-09-20 05:19:42,2026-10-04 05:19:42,,
1907,30834,2026-09-20 18:29:20,2026-10-04 18:29:20,,
1908,30836,2026-09-20 12:32:27,2026-10-04 12:32:27,,
1909,30837,2026-09-20 18:45:15,2026-10-04 18:45:15,,
1910,30841,2026-09-20 02:18:45,2026-10-04 02:18:45,,
1911,30843,2026-09-20 03:06:54,2026-10-04 03:06:54,canceled,2026-09-24 03:06:54
1912,30844,2026-09-20 07:58:10,2026-10-04 07:58:10,,
1913,30845,2026-09-20 18:52:06,2026-10-04 18:52:06,,
1914,30847,2026-09-20 09:46:58,2026-10-04 09:46:58,,
1915,30849,2026-09-20 15:19:00,2026-10-04 15:19:00,,
1916,30851,2026-09-20 10:21:10,2026-10-04 10:21:10,,
1917,30854,2026-09-20 11:22:47,2026-10-04 11:22:47,,
1918,30856,2026-09-20 04:54:34,2026-10-04 04:54:34,,
1919,30857,2026-09-21 22:38:24,2026-10-05 22:38:24,,
1920,30858,2026-09-21 01:06:25,2026-10-05 01:06:25,,
1921,30859,2026-09-21 12:31:30,2026-10-05 12:31:30,,
1922,30860,2026-09-21 11:35:03,2026-10-05 11:35:03,,
1923,30861,2026-09-21 00:38:56,2026-10-05 00:38:56,,
1924,30862,2026-09-21 09:18:30,2026-10-05 09:18:30,,
1925,30863,2026-09-21 13:19:37,2026-10-05 13:19:37,,
1926,30864,2026-09-21 17:43:10,2026-10-05 17:43:10,,
1927,30866,2026-09-21 01:23:42,2026-10-05 01:23:42,,
1928,30867,2026-09-21 15:09:34,2026-10-05 15:09:34,,
1929,30868,2026-09-21 05:20:56,2026-10-05 05:20:56,,
1930,30870,2026-09-21 10:37:42,2026-10-05 10:37:42,,
1931,30871,2026-09-21 01:18:21,2026-10-05 01:18:21,,
1932,30872,2026-09-21 16:58:08,2026-10-05 16:58:08,,
1933,30874,2026-09-21 16:39:32,2026-10-05 16:39:32,,
1934,30875,2026-09-21 16:07:21,2026-10-05 16:07:21,,
1935,30876,2026-09-21 11:37:36,2026-10-05 11:37:36,,
1936,30877,2026-09-21 03:15:01,2026-10-05 03:15:01,,
1937,30878,2026-09-21 11:38:16,2026-10-05 11:38:16,,
1938,30879,2026-09-21 02:40:53,2026-10-05 02:40:53,,
1939,30880,2026-09-21 16:27:01,2026-10-05 16:27:01,,
1940,30881,2026-09-21 21:33:26,2026-10-05 21:33:26,,
1941,30883,2026-09-21 01:59:41,2026-10-05 01:59:41,,
1942,30884,2026-09-21 15:35:58,2026-10-05 15:35:58,,
1943,30886,2026-09-21 08:41:35,2026-10-05 08:41:35,,
1944,30890,2026-09-21 04:50:35,2026-10-05 04:50:35,,
1945,30891,2026-09-21 01:32:22,2026-10-05 01:32:22,,
1946,30892,2026-09-21 07:22:30,2026-10-05 07:22:30,,
1947,30894,2026-09-21 19:39:59,2026-10-05 19:39:59,,
1948,30895,2026-09-21 00:09:38,2026-10-05 00:09:38,,
1949,30897,2026-09-21 23:43:54,2026-10-05 23:43:54,,
1950,30900,2026-09-21 21:14:22,2026-10-05 21:14:22,,
1951,30901,2026-09-21 11:59:36,2026-10-05 11:59:36,,
1952,30902,2026-09-21 04:07:20,2026-10-05 04:07:20,,
1953,30903,2026-09-21 10:59:50,2026-10-05 10:59:50,,
1954,30905,2026-09-21 10:20:18,2026-10-05 10:20:18,,
1955,30907,2026-09-21 04:35:37,2026-10-05 04:35:37,,
1956,30908,2026-09-21 16:13:22,2026-10-05 16:13:22,,
1957,30912,2026-09-21 18:19:05,2026-10-05 18:19:05,,
1958,30914,2026-09-21 11:20:32,2026-10-05 11:20:32,,
1959,30915,2026-09-21 20:45:20,2026-10-05 20:45:20,,
1960,30917,2026-09-21 07:15:05,2026-10-05 07:15:05,,
1961,30918,2026-09-21 23:23:50,2026-10-05 23:23:50,,
1962,30920,2026-09-21 14:35:53,2026-10-05 14:35:53,,
1963,30925,2026-09-21 13:49:34,2026-10-05 13:49:34,,
1964,30926,2026-09-21 13:07:31,2026-10-05 13:07:31,,
1965,30928,2026-09-21 04:50:45,2026-10-05 04:50:45,,
1966,30932,2026-09-21 09:52:55,2026-10-05 09:52:55,,
1967,30933,2026-09-21 23:09:51,2026-10-05 23:09:51,,
1968,30934,2026-09-21 07:50:47,2026-10-05 07:50:47,,
1969,30936,2026-09-21 00:04:39,2026-10-05 00:04:39,,
1970,30938,2026-09-21 23:05:53,2026-10-05 23:05:53,,
1971,30939,2026-09-21 07:00:18,2026-10-05 07:00:18,,
1972,30942,2026-09-22 10:37:40,2026-10-06 10:37:40,,
1973,30944,2026-09-22 23:15:56,2026-10-06 23:15:56,,
1974,30945,2026-09-22 09:01:26,2026-10-06 09:01:26,,
1975,30947,2026-09-22 10:54:16,2026-10-06 10:54:16,,
1976,30948,2026-09-22 10:50:58,2026-10-06 10:50:58,,
1977,30950,2026-09-22 15:57:38,2026-10-06 15:57:38,,
1978,30954,2026-09-22 05:29:50,2026-10-06 05:29:50,,
1979,30955,2026-09-22 14:10:22,2026-10-06 14:10:22,,
1980,30963,2026-09-22 21:41:47,2026-10-06 21:41:47,,
1981,30965,2026-09-22 14:58:57,2026-10-06 14:58:57,,
1982,30966,2026-09-22 01:34:57,2026-10-06 01:34:57,,
1983,30967,2026-09-22 00:18:22,2026-10-06 00:18:22,,
1984,30971,2026-09-22 07:18:25,2026-10-06 07:18:25,,
1985,30972,2026-09-22 00:06:25,2026-10-06 00:06:25,,
1986,30974,2026-09-22 19:41:39,2026-10-06 19:41:39,,
1987,30975,2026-09-22 05:11:29,2026-10-06 05:11:29,,
1988,30977,2026-09-22 09:51:52,2026-10-06 09:51:52,,
1989,30978,2026-09-22 17:14:49,2026-10-06 17:14:49,,
1990,30979,2026-09-22 12:08:11,2026-10-06 12:08:11,,
1991,30983,2026-09-22 17:50:20,2026-10-06 17:50:20,,
1992,30986,2026-09-22 08:32:20,2026-10-06 08:32:20,,
1993,30988,2026-09-22 11:18:12,2026-10-06 11:18:12,,
1994,30993,2026-09-22 21:50:03,2026-10-06 21:50:03,,
1995,30997,2026-09-22 01:16:02,2026-10-06 01:16:02,,
1996,30998,2026-09-22 12:32:17,2026-10-06 12:32:17,,
1997,31000,2026-09-22 01:21:46,2026-10-06 01:21:46,,
1998,31005,2026-09-22 05:57:21,2026-10-06 05:57:21,,
1999,31007,2026-09-22 14:09:37,2026-10-06 14:09:37,,
2000,31009,2026-09-22 08:57:24,2026-10-06 08:57:24,,
2001,31010,2026-09-22 12:17:27,2026-10-06 12:17:27,,
2002,31012,2026-09-22 04:32:37,2026-10-06 04:32:37,,
2003,31017,2026-09-23 18:37:03,2026-10-07 18:37:03,,
2004,31019,2026-09-23 10:08:41,2026-10-07 10:08:41,,
2005,31023,2026-09-23 07:52:18,2026-10-07 07:52:18,,
2006,31024,2026-09-23 07:03:27,2026-10-07 07:03:27,,
2007,31027,2026-09-23 23:22:14,2026-10-07 23:22:14,,
2008,31028,2026-09-23 01:02:29,2026-10-07 01:02:29,,
2009,31030,2026-09-23 11:36:10,2026-10-07 11:36:10,,
2010,31035,2026-09-23 20:07:13,2026-10-07 20:07:13,,
2011,31037,2026-09-23 21:14:10,2026-10-07 21:14:10,,
2012,31038,2026-09-23 20:09:12,2026-10-07 20:09:12,,
2013,31040,2026-09-23 02:29:46,2026-10-07 02:29:46,,
2014,31043,2026-09-23 05:35:10,2026-10-07 05:35:10,,
2015,31045,2026-09-23 22:13:33,2026-10-07 22:13:33,,
2016,31046,2026-09-23 09:02:58,2026-10-07 09:02:58,,
2017,31047,2026-09-23 02:47:29,2026-10-07 02:47:29,,
2018,31048,2026-09-23 09:29:57,2026-10-07 09:29:57,,
2019,31052,2026-09-23 06:32:53,2026-10-07 06:32:53,,
2020,31056,2026-09-23 10:00:49,2026-10-07 10:00:49,,
2021,31058,2026-09-23 15:06:52,2026-10-07 15:06:52,,
2022,31060,2026-09-23 18:53:28,2026-10-07 18:53:28,,
2023,31063,2026-09-23 20:49:43,2026-10-07 20:49:43,,
2024,31070,2026-09-23 00:10:08,2026-10-07 00:10:08,,
2025,31071,2026-09-23 22:34:50,2026-10-07 22:34:50,,
2026,31072,2026-09-23 17:29:24,2026-10-07 17:29:24,,
2027,31073,2026-09-23 18:09:53,2026-10-07 18:09:53,,
2028,31075,2026-09-23 19:56:24,2026-10-07 19:56:24,,
2029,31076,2026-09-23 06:47:37,2026-10-07 06:47:37,,
2030,31077,2026-09-23 07:56:23,2026-10-07 07:56:23,,
2031,31080,2026-09-23 16:39:21,2026-10-07 16:39:21,,
2032,31082,2026-09-23 21:47:36,2026-10-07 21:47:36,,
2033,31084,2026-09-23 02:39:49,2026-10-07 02:39:49,,
2034,31086,2026-09-23 03:13:19,2026-10-07 03:13:19,,
2035,31088,2026-09-23 03:54:05,2026-10-07 03:54:05,,
2036,31090,2026-09-23 09:58:13,2026-10-07 09:58:13,,
2037,31093,2026-09-23 12:12:52,2026-10-07 12:12:52,,
2038,31095,2026-09-23 12:18:34,2026-10-07 12:18:34,,
2039,31102,2026-09-24 16:48:13,2026-10-08 16:48:13,,
2040,31105,2026-09-24 10:33:47,2026-10-08 10:33:47,,
2041,31108,2026-09-24 03:31:57,2026-10-08 03:31:57,,
2042,31109,2026-09-24 20:10:30,2026-10-08 20:10:30,,
2043,31111,2026-09-24 18:43:06,2026-10-08 18:43:06,,
2044,31112,2026-09-24 22:52:17,2026-10-08 22:52:17,,
2045,31113,2026-09-24 16:19:12,2026-10-08 16:19:12,,
2046,31122,2026-09-24 03:02:33,2026-10-08 03:02:33,,
2047,31123,2026-09-24 13:12:06,2026-10-08 13:12:06,,
2048,31126,2026-09-24 18:24:05,2026-10-08 18:24:05,,
2049,31127,2026-09-24 04:19:40,2026-10-08 04:19:40,,
2050,31128,2026-09-24 06:35:29,2026-10-08 06:35:29,,
2051,31130,2026-09-24 02:47:29,2026-10-08 02:47:29,,
2052,31133,2026-09-24 09:14:52,2026-10-08 09:14:52,,
2053,31135,2026-09-24 22:59:05,2026-10-08 22:59:05,,
2054,31136,2026-09-24 21:58:21,2026-10-08 21:58:21,,
2055,31137,2026-09-24 13:54:28,2026-10-08 13:54:28,,
2056,31138,2026-09-24 15:24:55,2026-10-08 15:24:55,,
2057,31139,2026-09-24 13:58:43,2026-10-08 13:58:43,,
2058,31140,2026-09-24 13:59:35,2026-10-08 13:59:35,,
2059,31141,2026-09-24 21:28:27,2026-10-08 21:28:27,,
2060,31143,2026-09-24 11:20:37,2026-10-08 11:20:37,,
2061,31145,2026-09-24 11:58:50,2026-10-08 11:58:50,,
2062,31146,2026-09-24 05:57:56,2026-10-08 05:57:56,,
2063,31148,2026-09-24 05:27:03,2026-10-08 05:27:03,,
2064,31149,2026-09-24 22:47:23,2026-10-08 22:47:23,,
2065,31152,2026-09-24 10:25:51,2026-10-08 10:25:51,,
2066,31153,2026-09-24 11:10:33,2026-10-08 11:10:33,,
2067,31155,2026-09-24 21:41:07,2026-10-08 21:41:07,,
2068,31159,2026-09-24 21:21:17,2026-10-08 21:21:17,,
2069,31160,2026-09-24 22:25:30,2026-10-08 22:25:30,,
2070,31161,2026-09-24 00:15:51,2026-10-08 00:15:51,,
2071,31163,2026-09-24 12:54:27,2026-10-08 12:54:27,,
2072,31164,2026-09-24 20:40:02,2026-10-08 20:40:02,,
2073,31165,2026-09-24 02:21:32,2026-10-08 02:21:32,,
